book	window	start_word	end_word	center_word	relative_center	window_words	participating_rate	active_target_rate	arrivals_per_target	exact_arrivals_per_target	close_arrivals_per_target
genesis	1	1	250	125.5	0.006888950124001102	250	0.628	0.416	0.664	0.664	0.0
genesis	2	51	300	175.5	0.009644530173601543	250	0.616	0.416	0.644	0.644	0.0
genesis	3	101	350	225.5	0.012400110223201984	250	0.592	0.396	0.608	0.608	0.0
genesis	4	151	400	275.5	0.015155690272802424	250	0.552	0.376	0.56	0.56	0.0
genesis	5	201	450	325.5	0.017911270322402865	250	0.52	0.364	0.532	0.532	0.0
genesis	6	251	500	375.5	0.020666850372003307	250	0.532	0.38	0.54	0.54	0.0
genesis	7	301	550	425.5	0.023422430421603746	250	0.54	0.368	0.508	0.508	0.0
genesis	8	351	600	475.5	0.02617801047120419	250	0.56	0.364	0.456	0.456	0.0
genesis	9	401	650	525.5	0.02893359052080463	250	0.564	0.372	0.488	0.488	0.0
genesis	10	451	700	575.5	0.03168917057040507	250	0.564	0.348	0.436	0.436	0.0
genesis	11	501	750	625.5	0.03444475062000551	250	0.58	0.356	0.432	0.432	0.0
genesis	12	551	800	675.5	0.03720033066960595	250	0.564	0.348	0.432	0.432	0.0
genesis	13	601	850	725.5	0.03995591071920639	250	0.548	0.348	0.44	0.44	0.0
genesis	14	651	900	775.5	0.042711490768806835	250	0.524	0.324	0.412	0.412	0.0
genesis	15	701	950	825.5	0.04546707081840728	250	0.516	0.332	0.424	0.424	0.0
genesis	16	751	1000	875.5	0.04822265086800771	250	0.452	0.288	0.396	0.396	0.0
genesis	17	801	1050	925.5	0.050978230917608156	250	0.432	0.28	0.376	0.376	0.0
genesis	18	851	1100	975.5	0.0537338109672086	250	0.42	0.272	0.384	0.384	0.0
genesis	19	901	1150	1025.5	0.05648939101680904	250	0.404	0.264	0.352	0.352	0.0
genesis	20	951	1200	1075.5	0.05924497106640948	250	0.408	0.272	0.404	0.404	0.0
genesis	21	1001	1250	1125.5	0.06200055111600992	250	0.472	0.296	0.396	0.396	0.0
genesis	22	1051	1300	1175.5	0.06475613116561037	250	0.48	0.296	0.396	0.396	0.0
genesis	23	1101	1350	1225.5	0.0675117112152108	250	0.544	0.356	0.56	0.56	0.0
genesis	24	1151	1400	1275.5	0.07026729126481124	250	0.64	0.452	0.736	0.736	0.0
genesis	25	1201	1450	1325.5	0.07302287131441168	250	0.704	0.532	0.876	0.876	0.0
genesis	26	1251	1500	1375.5	0.07577845136401212	250	0.74	0.596	1.056	1.056	0.0
genesis	27	1301	1550	1425.5	0.07853403141361257	250	0.788	0.664	1.216	1.216	0.0
genesis	28	1351	1600	1475.5	0.08128961146321301	250	0.74	0.62	1.116	1.116	0.0
genesis	29	1401	1650	1525.5	0.08404519151281345	250	0.688	0.572	1.048	1.048	0.0
genesis	30	1451	1700	1575.5	0.08680077156241389	250	0.644	0.504	0.92	0.92	0.0
genesis	31	1501	1750	1625.5	0.08955635161201433	250	0.576	0.44	0.796	0.796	0.0
genesis	32	1551	1800	1675.5	0.09231193166161478	250	0.544	0.408	0.724	0.724	0.0
genesis	33	1601	1850	1725.5	0.0950675117112152	250	0.56	0.408	0.712	0.712	0.0
genesis	34	1651	1900	1775.5	0.09782309176081565	250	0.564	0.392	0.648	0.648	0.0
genesis	35	1701	1950	1825.5	0.10057867181041609	250	0.532	0.372	0.608	0.608	0.0
genesis	36	1751	2000	1875.5	0.10333425186001653	250	0.572	0.38	0.584	0.584	0.0
genesis	37	1801	2050	1925.5	0.10608983190961697	250	0.564	0.356	0.532	0.532	0.0
genesis	38	1851	2100	1975.5	0.10884541195921742	250	0.568	0.372	0.54	0.54	0.0
genesis	39	1901	2150	2025.5	0.11160099200881786	250	0.576	0.376	0.552	0.552	0.0
genesis	40	1951	2200	2075.5	0.1143565720584183	250	0.616	0.412	0.584	0.584	0.0
genesis	41	2001	2250	2125.5	0.11711215210801874	250	0.592	0.392	0.556	0.556	0.0
genesis	42	2051	2300	2175.5	0.11986773215761917	250	0.572	0.38	0.516	0.516	0.0
genesis	43	2101	2350	2225.5	0.12262331220721961	250	0.564	0.348	0.44	0.44	0.0
genesis	44	2151	2400	2275.5	0.12537889225682006	250	0.56	0.344	0.424	0.424	0.0
genesis	45	2201	2450	2325.5	0.1281344723064205	250	0.508	0.296	0.36	0.36	0.0
genesis	46	2251	2500	2375.5	0.13089005235602094	250	0.484	0.292	0.404	0.404	0.0
genesis	47	2301	2550	2425.5	0.13364563240562138	250	0.548	0.324	0.476	0.476	0.0
genesis	48	2351	2600	2475.5	0.13640121245522183	250	0.564	0.364	0.544	0.544	0.0
genesis	49	2401	2650	2525.5	0.13915679250482227	250	0.556	0.36	0.54	0.54	0.0
genesis	50	2451	2700	2575.5	0.1419123725544227	250	0.584	0.372	0.576	0.576	0.0
genesis	51	2501	2750	2625.5	0.14466795260402315	250	0.608	0.396	0.564	0.564	0.0
genesis	52	2551	2800	2675.5	0.1474235326536236	250	0.592	0.388	0.552	0.552	0.0
genesis	53	2601	2850	2725.5	0.15017911270322404	250	0.568	0.368	0.58	0.58	0.0
genesis	54	2651	2900	2775.5	0.15293469275282448	250	0.552	0.364	0.632	0.632	0.0
genesis	55	2701	2950	2825.5	0.15569027280242492	250	0.552	0.372	0.672	0.672	0.0
genesis	56	2751	3000	2875.5	0.15844585285202537	250	0.584	0.392	0.712	0.712	0.0
genesis	57	2801	3050	2925.5	0.16120143290162578	250	0.56	0.384	0.708	0.708	0.0
genesis	58	2851	3100	2975.5	0.16395701295122622	250	0.592	0.408	0.704	0.704	0.0
genesis	59	2901	3150	3025.5	0.16671259300082666	250	0.688	0.508	0.876	0.876	0.0
genesis	60	2951	3200	3075.5	0.1694681730504271	250	0.776	0.612	1.068	1.068	0.0
genesis	61	3001	3250	3125.5	0.17222375310002755	250	0.796	0.656	1.176	1.176	0.0
genesis	62	3051	3300	3175.5	0.174979333149628	250	0.808	0.668	1.16	1.16	0.0
genesis	63	3101	3350	3225.5	0.17773491319922843	250	0.76	0.632	1.176	1.176	0.0
genesis	64	3151	3400	3275.5	0.18049049324882888	250	0.68	0.536	0.964	0.964	0.0
genesis	65	3201	3450	3325.5	0.18324607329842932	250	0.596	0.432	0.74	0.74	0.0
genesis	66	3251	3500	3375.5	0.18600165334802976	250	0.536	0.348	0.552	0.552	0.0
genesis	67	3301	3550	3425.5	0.1887572333976302	250	0.532	0.34	0.564	0.564	0.0
genesis	68	3351	3600	3475.5	0.19151281344723065	250	0.52	0.328	0.48	0.48	0.0
genesis	69	3401	3650	3525.5	0.1942683934968311	250	0.536	0.336	0.5	0.5	0.0
genesis	70	3451	3700	3575.5	0.19702397354643153	250	0.556	0.348	0.484	0.484	0.0
genesis	71	3501	3750	3625.5	0.19977955359603197	250	0.552	0.356	0.508	0.508	0.0
genesis	72	3551	3800	3675.5	0.20253513364563241	250	0.536	0.352	0.572	0.572	0.0
genesis	73	3601	3850	3725.5	0.20529071369523286	250	0.552	0.364	0.576	0.576	0.0
genesis	74	3651	3900	3775.5	0.2080462937448333	250	0.556	0.38	0.672	0.672	0.0
genesis	75	3701	3950	3825.5	0.21080187379443374	250	0.512	0.356	0.66	0.66	0.0
genesis	76	3751	4000	3875.5	0.21355745384403416	250	0.528	0.356	0.648	0.648	0.0
genesis	77	3801	4050	3925.5	0.2163130338936346	250	0.516	0.336	0.528	0.528	0.0
genesis	78	3851	4100	3975.5	0.21906861394323504	250	0.508	0.32	0.5	0.5	0.0
genesis	79	3901	4150	4025.5	0.22182419399283548	250	0.448	0.272	0.344	0.344	0.0
genesis	80	3951	4200	4075.5	0.22457977404243593	250	0.436	0.26	0.332	0.332	0.0
genesis	81	4001	4250	4125.5	0.22733535409203637	250	0.368	0.216	0.276	0.276	0.0
genesis	82	4051	4300	4175.5	0.2300909341416368	250	0.372	0.228	0.308	0.308	0.0
genesis	83	4101	4350	4225.5	0.23284651419123725	250	0.384	0.24	0.328	0.328	0.0
genesis	84	4151	4400	4275.5	0.2356020942408377	250	0.424	0.264	0.352	0.352	0.0
genesis	85	4201	4450	4325.5	0.23835767429043814	250	0.452	0.288	0.388	0.388	0.0
genesis	86	4251	4500	4375.5	0.24111325434003858	250	0.54	0.356	0.512	0.512	0.0
genesis	87	4301	4550	4425.5	0.24386883438963902	250	0.6	0.424	0.664	0.664	0.0
genesis	88	4351	4600	4475.5	0.24662441443923946	250	0.632	0.464	0.76	0.76	0.0
genesis	89	4401	4650	4525.5	0.2493799944888399	250	0.672	0.492	0.816	0.816	0.0
genesis	90	4451	4700	4575.5	0.2521355745384403	250	0.676	0.5	0.824	0.824	0.0
genesis	91	4501	4750	4625.5	0.2548911545880408	250	0.656	0.48	0.788	0.788	0.0
genesis	92	4551	4800	4675.5	0.2576467346376412	250	0.64	0.436	0.656	0.656	0.0
genesis	93	4601	4850	4725.5	0.2604023146872417	250	0.58	0.384	0.544	0.544	0.0
genesis	94	4651	4900	4775.5	0.2631578947368421	250	0.516	0.328	0.456	0.456	0.0
genesis	95	4701	4950	4825.5	0.26591347478644256	250	0.492	0.312	0.448	0.448	0.0
genesis	96	4751	5000	4875.5	0.268669054836043	250	0.472	0.3	0.436	0.436	0.0
genesis	97	4801	5050	4925.5	0.27142463488564345	250	0.408	0.256	0.388	0.388	0.0
genesis	98	4851	5100	4975.5	0.27418021493524386	250	0.4	0.248	0.372	0.372	0.0
genesis	99	4901	5150	5025.5	0.27693579498484433	250	0.448	0.304	0.476	0.476	0.0
genesis	100	4951	5200	5075.5	0.27969137503444474	250	0.488	0.344	0.524	0.524	0.0
genesis	101	5001	5250	5125.5	0.2824469550840452	250	0.456	0.32	0.508	0.508	0.0
genesis	102	5051	5300	5175.5	0.28520253513364563	250	0.476	0.336	0.516	0.516	0.0
genesis	103	5101	5350	5225.5	0.2879581151832461	250	0.488	0.34	0.532	0.532	0.0
genesis	104	5151	5400	5275.5	0.2907136952328465	250	0.444	0.304	0.452	0.452	0.0
genesis	105	5201	5450	5325.5	0.29346927528244693	250	0.404	0.248	0.348	0.348	0.0
genesis	106	5251	5500	5375.5	0.2962248553320474	250	0.436	0.268	0.32	0.32	0.0
genesis	107	5301	5550	5425.5	0.2989804353816478	250	0.428	0.264	0.328	0.328	0.0
genesis	108	5351	5600	5475.5	0.3017360154312483	250	0.464	0.288	0.356	0.356	0.0
genesis	109	5401	5650	5525.5	0.3044915954808487	250	0.476	0.292	0.36	0.36	0.0
genesis	110	5451	5700	5575.5	0.30724717553044917	250	0.524	0.332	0.428	0.428	0.0
genesis	111	5501	5750	5625.5	0.3100027555800496	250	0.508	0.324	0.436	0.436	0.0
genesis	112	5551	5800	5675.5	0.31275833562965005	250	0.504	0.312	0.412	0.412	0.0
genesis	113	5601	5850	5725.5	0.31551391567925047	250	0.476	0.308	0.388	0.388	0.0
genesis	114	5651	5900	5775.5	0.31826949572885094	250	0.448	0.284	0.364	0.364	0.0
genesis	115	5701	5950	5825.5	0.32102507577845135	250	0.448	0.284	0.388	0.388	0.0
genesis	116	5751	6000	5875.5	0.3237806558280518	250	0.48	0.316	0.42	0.42	0.0
genesis	117	5801	6050	5925.5	0.32653623587765224	250	0.492	0.336	0.444	0.444	0.0
genesis	118	5851	6100	5975.5	0.3292918159272527	250	0.5	0.316	0.416	0.416	0.0
genesis	119	5901	6150	6025.5	0.3320473959768531	250	0.532	0.352	0.452	0.452	0.0
genesis	120	5951	6200	6075.5	0.3348029760264536	250	0.508	0.324	0.372	0.372	0.0
genesis	121	6001	6250	6125.5	0.337558556076054	250	0.508	0.308	0.356	0.356	0.0
genesis	122	6051	6300	6175.5	0.3403141361256545	250	0.52	0.328	0.432	0.432	0.0
genesis	123	6101	6350	6225.5	0.3430697161752549	250	0.484	0.316	0.44	0.44	0.0
genesis	124	6151	6400	6275.5	0.3458252962248553	250	0.492	0.312	0.46	0.46	0.0
genesis	125	6201	6450	6325.5	0.3485808762744558	250	0.488	0.328	0.508	0.508	0.0
genesis	126	6251	6500	6375.5	0.3513364563240562	250	0.484	0.328	0.5	0.5	0.0
genesis	127	6301	6550	6425.5	0.35409203637365666	250	0.496	0.324	0.464	0.464	0.0
genesis	128	6351	6600	6475.5	0.3568476164232571	250	0.496	0.332	0.46	0.46	0.0
genesis	129	6401	6650	6525.5	0.35960319647285754	250	0.488	0.32	0.432	0.432	0.0
genesis	130	6451	6700	6575.5	0.36235877652245796	250	0.48	0.308	0.404	0.404	0.0
genesis	131	6501	6750	6625.5	0.36511435657205843	250	0.468	0.3	0.396	0.396	0.0
genesis	132	6551	6800	6675.5	0.36786993662165884	250	0.508	0.332	0.48	0.48	0.0
genesis	133	6601	6850	6725.5	0.3706255166712593	250	0.528	0.344	0.504	0.504	0.0
genesis	134	6651	6900	6775.5	0.37338109672085973	250	0.544	0.356	0.504	0.504	0.0
genesis	135	6701	6950	6825.5	0.3761366767704602	250	0.536	0.34	0.472	0.472	0.0
genesis	136	6751	7000	6875.5	0.3788922568200606	250	0.552	0.356	0.484	0.484	0.0
genesis	137	6801	7050	6925.5	0.3816478368696611	250	0.46	0.28	0.324	0.324	0.0
genesis	138	6851	7100	6975.5	0.3844034169192615	250	0.448	0.276	0.348	0.348	0.0
genesis	139	6901	7150	7025.5	0.38715899696886197	250	0.408	0.256	0.344	0.344	0.0
genesis	140	6951	7200	7075.5	0.3899145770184624	250	0.428	0.276	0.372	0.372	0.0
genesis	141	7001	7250	7125.5	0.39267015706806285	250	0.396	0.248	0.356	0.356	0.0
genesis	142	7051	7300	7175.5	0.39542573711766327	250	0.444	0.3	0.472	0.472	0.0
genesis	143	7101	7350	7225.5	0.3981813171672637	250	0.452	0.288	0.428	0.428	0.0
genesis	144	7151	7400	7275.5	0.40093689721686415	250	0.452	0.288	0.412	0.412	0.0
genesis	145	7201	7450	7325.5	0.40369247726646457	250	0.42	0.272	0.392	0.392	0.0
genesis	146	7251	7500	7375.5	0.40644805731606504	250	0.424	0.272	0.388	0.388	0.0
genesis	147	7301	7550	7425.5	0.40920363736566545	250	0.396	0.236	0.3	0.3	0.0
genesis	148	7351	7600	7475.5	0.4119592174152659	250	0.376	0.232	0.276	0.276	0.0
genesis	149	7401	7650	7525.5	0.41471479746486634	250	0.412	0.256	0.344	0.344	0.0
genesis	150	7451	7700	7575.5	0.4174703775144668	250	0.452	0.288	0.456	0.456	0.0
genesis	151	7501	7750	7625.5	0.4202259575640672	250	0.468	0.3	0.464	0.464	0.0
genesis	152	7551	7800	7675.5	0.4229815376136677	250	0.532	0.368	0.6	0.6	0.0
genesis	153	7601	7850	7725.5	0.4257371176632681	250	0.564	0.384	0.636	0.636	0.0
genesis	154	7651	7900	7775.5	0.4284926977128686	250	0.532	0.364	0.58	0.58	0.0
genesis	155	7701	7950	7825.5	0.431248277762469	250	0.54	0.36	0.524	0.524	0.0
genesis	156	7751	8000	7875.5	0.43400385781206946	250	0.54	0.38	0.576	0.576	0.0
genesis	157	7801	8050	7925.5	0.4367594378616699	250	0.512	0.344	0.5	0.5	0.0
genesis	158	7851	8100	7975.5	0.43951501791127034	250	0.516	0.348	0.496	0.496	0.0
genesis	159	7901	8150	8025.5	0.44227059796087076	250	0.528	0.356	0.512	0.512	0.0
genesis	160	7951	8200	8075.5	0.44502617801047123	250	0.488	0.324	0.444	0.444	0.0
genesis	161	8001	8250	8125.5	0.44778175806007164	250	0.532	0.336	0.456	0.456	0.0
genesis	162	8051	8300	8175.5	0.45053733810967206	250	0.516	0.328	0.408	0.408	0.0
genesis	163	8101	8350	8225.5	0.45329291815927253	250	0.504	0.324	0.44	0.44	0.0
genesis	164	8151	8400	8275.5	0.45604849820887294	250	0.476	0.304	0.408	0.408	0.0
genesis	165	8201	8450	8325.5	0.4588040782584734	250	0.468	0.3	0.42	0.42	0.0
genesis	166	8251	8500	8375.5	0.46155965830807383	250	0.416	0.264	0.348	0.348	0.0
genesis	167	8301	8550	8425.5	0.4643152383576743	250	0.404	0.252	0.36	0.36	0.0
genesis	168	8351	8600	8475.5	0.4670708184072747	250	0.432	0.26	0.336	0.336	0.0
genesis	169	8401	8650	8525.5	0.4698263984568752	250	0.448	0.272	0.352	0.352	0.0
genesis	170	8451	8700	8575.5	0.4725819785064756	250	0.5	0.316	0.412	0.412	0.0
genesis	171	8501	8750	8625.5	0.47533755855607607	250	0.5	0.332	0.44	0.44	0.0
genesis	172	8551	8800	8675.5	0.4780931386056765	250	0.504	0.328	0.432	0.432	0.0
genesis	173	8601	8850	8725.5	0.48084871865527695	250	0.444	0.296	0.392	0.392	0.0
genesis	174	8651	8900	8775.5	0.48360429870487737	250	0.448	0.308	0.424	0.424	0.0
genesis	175	8701	8950	8825.5	0.48635987875447784	250	0.42	0.28	0.376	0.376	0.0
genesis	176	8751	9000	8875.5	0.48911545880407825	250	0.424	0.268	0.352	0.352	0.0
genesis	177	8801	9050	8925.5	0.4918710388536787	250	0.436	0.288	0.408	0.408	0.0
genesis	178	8851	9100	8975.5	0.49462661890327914	250	0.512	0.332	0.464	0.464	0.0
genesis	179	8901	9150	9025.5	0.4973821989528796	250	0.528	0.352	0.496	0.496	0.0
genesis	180	8951	9200	9075.5	0.50013777900248	250	0.556	0.376	0.54	0.54	0.0
genesis	181	9001	9250	9125.5	0.5028933590520804	250	0.532	0.36	0.528	0.528	0.0
genesis	182	9051	9300	9175.5	0.5056489391016808	250	0.476	0.312	0.42	0.42	0.0
genesis	183	9101	9350	9225.5	0.5084045191512814	250	0.456	0.316	0.452	0.452	0.0
genesis	184	9151	9400	9275.5	0.5111600992008818	250	0.44	0.288	0.42	0.42	0.0
genesis	185	9201	9450	9325.5	0.5139156792504822	250	0.452	0.3	0.428	0.428	0.0
genesis	186	9251	9500	9375.5	0.5166712593000826	250	0.492	0.324	0.464	0.464	0.0
genesis	187	9301	9550	9425.5	0.5194268393496831	250	0.556	0.364	0.52	0.52	0.0
genesis	188	9351	9600	9475.5	0.5221824193992836	250	0.536	0.344	0.46	0.46	0.0
genesis	189	9401	9650	9525.5	0.524937999448884	250	0.58	0.36	0.472	0.472	0.0
genesis	190	9451	9700	9575.5	0.5276935794984844	250	0.564	0.368	0.496	0.496	0.0
genesis	191	9501	9750	9625.5	0.5304491595480849	250	0.556	0.372	0.5	0.5	0.0
genesis	192	9551	9800	9675.5	0.5332047395976853	250	0.544	0.364	0.492	0.492	0.0
genesis	193	9601	9850	9725.5	0.5359603196472857	250	0.596	0.396	0.536	0.536	0.0
genesis	194	9651	9900	9775.5	0.5387158996968862	250	0.564	0.384	0.5	0.5	0.0
genesis	195	9701	9950	9825.5	0.5414714797464867	250	0.54	0.356	0.448	0.448	0.0
genesis	196	9751	10000	9875.5	0.5442270597960871	250	0.536	0.352	0.432	0.432	0.0
genesis	197	9801	10050	9925.5	0.5469826398456875	250	0.552	0.364	0.44	0.44	0.0
genesis	198	9851	10100	9975.5	0.5497382198952879	250	0.516	0.344	0.456	0.456	0.0
genesis	199	9901	10150	10025.5	0.5524937999448885	250	0.54	0.38	0.608	0.608	0.0
genesis	200	9951	10200	10075.5	0.5552493799944889	250	0.58	0.42	0.744	0.744	0.0
genesis	201	10001	10250	10125.5	0.5580049600440893	250	0.588	0.432	0.796	0.796	0.0
genesis	202	10051	10300	10175.5	0.5607605400936897	250	0.592	0.436	0.864	0.864	0.0
genesis	203	10101	10350	10225.5	0.5635161201432901	250	0.596	0.448	1.028	1.028	0.0
genesis	204	10151	10400	10275.5	0.5662717001928906	250	0.556	0.4	0.864	0.864	0.0
genesis	205	10201	10450	10325.5	0.569027280242491	250	0.52	0.344	0.712	0.712	0.0
genesis	206	10251	10500	10375.5	0.5717828602920915	250	0.528	0.352	0.696	0.696	0.0
genesis	207	10301	10550	10425.5	0.5745384403416919	250	0.484	0.328	0.632	0.632	0.0
genesis	208	10351	10600	10475.5	0.5772940203912924	250	0.444	0.284	0.392	0.392	0.0
genesis	209	10401	10650	10525.5	0.5800496004408928	250	0.464	0.304	0.432	0.432	0.0
genesis	210	10451	10700	10575.5	0.5828051804904932	250	0.46	0.304	0.432	0.432	0.0
genesis	211	10501	10750	10625.5	0.5855607605400936	250	0.42	0.268	0.388	0.388	0.0
genesis	212	10551	10800	10675.5	0.5883163405896942	250	0.436	0.272	0.376	0.376	0.0
genesis	213	10601	10850	10725.5	0.5910719206392946	250	0.476	0.3	0.4	0.4	0.0
genesis	214	10651	10900	10775.5	0.593827500688895	250	0.468	0.296	0.392	0.392	0.0
genesis	215	10701	10950	10825.5	0.5965830807384954	250	0.476	0.308	0.408	0.408	0.0
genesis	216	10751	11000	10875.5	0.599338660788096	250	0.476	0.304	0.392	0.392	0.0
genesis	217	10801	11050	10925.5	0.6020942408376964	250	0.44	0.276	0.348	0.348	0.0
genesis	218	10851	11100	10975.5	0.6048498208872968	250	0.456	0.3	0.612	0.612	0.0
genesis	219	10901	11150	11025.5	0.6076054009368972	250	0.452	0.292	0.596	0.596	0.0
genesis	220	10951	11200	11075.5	0.6103609809864976	250	0.48	0.304	0.624	0.624	0.0
genesis	221	11001	11250	11125.5	0.6131165610360981	250	0.516	0.348	0.724	0.724	0.0
genesis	222	11051	11300	11175.5	0.6158721410856985	250	0.556	0.368	0.752	0.752	0.0
genesis	223	11101	11350	11225.5	0.618627721135299	250	0.52	0.344	0.516	0.516	0.0
genesis	224	11151	11400	11275.5	0.6213833011848994	250	0.528	0.348	0.52	0.52	0.0
genesis	225	11201	11450	11325.5	0.6241388812344999	250	0.512	0.332	0.476	0.476	0.0
genesis	226	11251	11500	11375.5	0.6268944612841003	250	0.508	0.304	0.388	0.388	0.0
genesis	227	11301	11550	11425.5	0.6296500413337007	250	0.512	0.316	0.396	0.396	0.0
genesis	228	11351	11600	11475.5	0.6324056213833011	250	0.504	0.304	0.36	0.36	0.0
genesis	229	11401	11650	11525.5	0.6351612014329017	250	0.504	0.308	0.396	0.396	0.0
genesis	230	11451	11700	11575.5	0.6379167814825021	250	0.492	0.316	0.424	0.424	0.0
genesis	231	11501	11750	11625.5	0.6406723615321025	250	0.5	0.332	0.464	0.464	0.0
genesis	232	11551	11800	11675.5	0.6434279415817029	250	0.504	0.356	0.556	0.556	0.0
genesis	233	11601	11850	11725.5	0.6461835216313034	250	0.54	0.38	0.612	0.612	0.0
genesis	234	11651	11900	11775.5	0.6489391016809039	250	0.524	0.364	0.564	0.564	0.0
genesis	235	11701	11950	11825.5	0.6516946817305043	250	0.52	0.368	0.576	0.576	0.0
genesis	236	11751	12000	11875.5	0.6544502617801047	250	0.504	0.352	0.552	0.552	0.0
genesis	237	11801	12050	11925.5	0.6572058418297052	250	0.524	0.352	0.496	0.496	0.0
genesis	238	11851	12100	11975.5	0.6599614218793056	250	0.5	0.34	0.484	0.484	0.0
genesis	239	11901	12150	12025.5	0.662717001928906	250	0.476	0.324	0.468	0.468	0.0
genesis	240	11951	12200	12075.5	0.6654725819785065	250	0.492	0.336	0.476	0.476	0.0
genesis	241	12001	12250	12125.5	0.6682281620281069	250	0.516	0.356	0.552	0.552	0.0
genesis	242	12051	12300	12175.5	0.6709837420777074	250	0.512	0.344	0.576	0.576	0.0
genesis	243	12101	12350	12225.5	0.6737393221273078	250	0.536	0.372	0.616	0.616	0.0
genesis	244	12151	12400	12275.5	0.6764949021769082	250	0.624	0.452	0.824	0.824	0.0
genesis	245	12201	12450	12325.5	0.6792504822265086	250	0.664	0.488	0.948	0.948	0.0
genesis	246	12251	12500	12375.5	0.6820060622761092	250	0.7	0.54	1.008	1.008	0.0
genesis	247	12301	12550	12425.5	0.6847616423257096	250	0.724	0.584	1.264	1.264	0.0
genesis	248	12351	12600	12475.5	0.68751722237531	250	0.748	0.588	1.316	1.316	0.0
genesis	249	12401	12650	12525.5	0.6902728024249104	250	0.732	0.568	1.352	1.352	0.0
genesis	250	12451	12700	12575.5	0.6930283824745109	250	0.684	0.52	1.2	1.2	0.0
genesis	251	12501	12750	12625.5	0.6957839625241113	250	0.64	0.464	1.112	1.112	0.0
genesis	252	12551	12800	12675.5	0.6985395425737118	250	0.636	0.436	0.844	0.844	0.0
genesis	253	12601	12850	12725.5	0.7012951226233122	250	0.616	0.42	0.748	0.748	0.0
genesis	254	12651	12900	12775.5	0.7040507026729127	250	0.556	0.368	0.5	0.5	0.0
genesis	255	12701	12950	12825.5	0.7068062827225131	250	0.536	0.34	0.468	0.468	0.0
genesis	256	12751	13000	12875.5	0.7095618627721135	250	0.548	0.352	0.492	0.492	0.0
genesis	257	12801	13050	12925.5	0.7123174428217139	250	0.476	0.312	0.46	0.46	0.0
genesis	258	12851	13100	12975.5	0.7150730228713144	250	0.456	0.288	0.432	0.432	0.0
genesis	259	12901	13150	13025.5	0.7178286029209149	250	0.5	0.316	0.484	0.484	0.0
genesis	260	12951	13200	13075.5	0.7205841829705153	250	0.488	0.316	0.476	0.476	0.0
genesis	261	13001	13250	13125.5	0.7233397630201157	250	0.452	0.272	0.368	0.368	0.0
genesis	262	13051	13300	13175.5	0.7260953430697161	250	0.508	0.308	0.424	0.424	0.0
genesis	263	13101	13350	13225.5	0.7288509231193167	250	0.512	0.32	0.44	0.44	0.0
genesis	264	13151	13400	13275.5	0.7316065031689171	250	0.488	0.308	0.396	0.396	0.0
genesis	265	13201	13450	13325.5	0.7343620832185175	250	0.54	0.328	0.424	0.424	0.0
genesis	266	13251	13500	13375.5	0.7371176632681179	250	0.58	0.368	0.488	0.488	0.0
genesis	267	13301	13550	13425.5	0.7398732433177184	250	0.56	0.352	0.432	0.432	0.0
genesis	268	13351	13600	13475.5	0.7426288233673188	250	0.536	0.328	0.396	0.396	0.0
genesis	269	13401	13650	13525.5	0.7453844034169193	250	0.54	0.324	0.408	0.408	0.0
genesis	270	13451	13700	13575.5	0.7481399834665197	250	0.484	0.292	0.364	0.364	0.0
genesis	271	13501	13750	13625.5	0.7508955635161202	250	0.484	0.296	0.384	0.384	0.0
genesis	272	13551	13800	13675.5	0.7536511435657206	250	0.504	0.32	0.464	0.464	0.0
genesis	273	13601	13850	13725.5	0.756406723615321	250	0.544	0.344	0.48	0.48	0.0
genesis	274	13651	13900	13775.5	0.7591623036649214	250	0.544	0.368	0.54	0.54	0.0
genesis	275	13701	13950	13825.5	0.761917883714522	250	0.576	0.396	0.58	0.58	0.0
genesis	276	13751	14000	13875.5	0.7646734637641224	250	0.54	0.36	0.528	0.528	0.0
genesis	277	13801	14050	13925.5	0.7674290438137228	250	0.56	0.364	0.536	0.536	0.0
genesis	278	13851	14100	13975.5	0.7701846238633232	250	0.58	0.424	1.008	1.008	0.0
genesis	279	13901	14150	14025.5	0.7729402039129236	250	0.588	0.42	1.084	1.084	0.0
genesis	280	13951	14200	14075.5	0.7756957839625241	250	0.576	0.412	1.072	1.072	0.0
genesis	281	14001	14250	14125.5	0.7784513640121246	250	0.616	0.468	1.248	1.248	0.0
genesis	282	14051	14300	14175.5	0.781206944061725	250	0.596	0.476	1.476	1.476	0.0
genesis	283	14101	14350	14225.5	0.7839625241113254	250	0.596	0.464	1.264	1.264	0.0
genesis	284	14151	14400	14275.5	0.7867181041609259	250	0.62	0.472	1.192	1.192	0.0
genesis	285	14201	14450	14325.5	0.7894736842105263	250	0.648	0.492	1.224	1.224	0.0
genesis	286	14251	14500	14375.5	0.7922292642601267	250	0.608	0.444	1.068	1.068	0.0
genesis	287	14301	14550	14425.5	0.7949848443097272	250	0.588	0.412	0.764	0.764	0.0
genesis	288	14351	14600	14475.5	0.7977404243593277	250	0.572	0.388	0.552	0.552	0.0
genesis	289	14401	14650	14525.5	0.8004960044089281	250	0.548	0.356	0.468	0.468	0.0
genesis	290	14451	14700	14575.5	0.8032515844585285	250	0.552	0.364	0.468	0.468	0.0
genesis	291	14501	14750	14625.5	0.8060071645081289	250	0.588	0.384	0.468	0.468	0.0
genesis	292	14551	14800	14675.5	0.8087627445577295	250	0.6	0.396	0.488	0.488	0.0
genesis	293	14601	14850	14725.5	0.8115183246073299	250	0.568	0.38	0.488	0.488	0.0
genesis	294	14651	14900	14775.5	0.8142739046569303	250	0.54	0.392	0.616	0.616	0.0
genesis	295	14701	14950	14825.5	0.8170294847065307	250	0.504	0.372	0.676	0.676	0.0
genesis	296	14751	15000	14875.5	0.8197850647561312	250	0.472	0.36	0.74	0.74	0.0
genesis	297	14801	15050	14925.5	0.8225406448057316	250	0.44	0.328	0.708	0.708	0.0
genesis	298	14851	15100	14975.5	0.825296224855332	250	0.476	0.336	0.708	0.708	0.0
genesis	299	14901	15150	15025.5	0.8280518049049325	250	0.504	0.352	0.828	0.828	0.0
genesis	300	14951	15200	15075.5	0.8308073849545329	250	0.52	0.352	0.744	0.744	0.0
genesis	301	15001	15250	15125.5	0.8335629650041334	250	0.528	0.356	0.7	0.7	0.0
genesis	302	15051	15300	15175.5	0.8363185450537338	250	0.532	0.36	0.692	0.692	0.0
genesis	303	15101	15350	15225.5	0.8390741251033342	250	0.504	0.34	0.688	0.688	0.0
genesis	304	15151	15400	15275.5	0.8418297051529346	250	0.516	0.32	0.468	0.468	0.0
genesis	305	15201	15450	15325.5	0.8445852852025352	250	0.516	0.312	0.476	0.476	0.0
genesis	306	15251	15500	15375.5	0.8473408652521356	250	0.528	0.328	0.556	0.556	0.0
genesis	307	15301	15550	15425.5	0.850096445301736	250	0.544	0.336	0.556	0.556	0.0
genesis	308	15351	15600	15475.5	0.8528520253513364	250	0.52	0.32	0.512	0.512	0.0
genesis	309	15401	15650	15525.5	0.8556076054009369	250	0.508	0.32	0.512	0.512	0.0
genesis	310	15451	15700	15575.5	0.8583631854505374	250	0.516	0.348	0.58	0.58	0.0
genesis	311	15501	15750	15625.5	0.8611187655001378	250	0.484	0.32	0.456	0.456	0.0
genesis	312	15551	15800	15675.5	0.8638743455497382	250	0.468	0.304	0.44	0.44	0.0
genesis	313	15601	15850	15725.5	0.8666299255993387	250	0.492	0.32	0.452	0.452	0.0
genesis	314	15651	15900	15775.5	0.8693855056489391	250	0.48	0.32	0.448	0.448	0.0
genesis	315	15701	15950	15825.5	0.8721410856985395	250	0.452	0.3	0.38	0.38	0.0
genesis	316	15751	16000	15875.5	0.87489666574814	250	0.448	0.288	0.368	0.368	0.0
genesis	317	15801	16050	15925.5	0.8776522457977404	250	0.464	0.304	0.384	0.384	0.0
genesis	318	15851	16100	15975.5	0.8804078258473409	250	0.468	0.324	0.444	0.444	0.0
genesis	319	15901	16150	16025.5	0.8831634058969413	250	0.488	0.332	0.464	0.464	0.0
genesis	320	15951	16200	16075.5	0.8859189859465417	250	0.524	0.348	0.524	0.524	0.0
genesis	321	16001	16250	16125.5	0.8886745659961421	250	0.568	0.396	0.724	0.724	0.0
genesis	322	16051	16300	16175.5	0.8914301460457427	250	0.564	0.4	0.868	0.868	0.0
genesis	323	16101	16350	16225.5	0.8941857260953431	250	0.548	0.372	0.788	0.788	0.0
genesis	324	16151	16400	16275.5	0.8969413061449435	250	0.52	0.36	0.768	0.768	0.0
genesis	325	16201	16450	16325.5	0.8996968861945439	250	0.528	0.364	0.748	0.748	0.0
genesis	326	16251	16500	16375.5	0.9024524662441444	250	0.516	0.348	0.6	0.6	0.0
genesis	327	16301	16550	16425.5	0.9052080462937449	250	0.5	0.336	0.448	0.448	0.0
genesis	328	16351	16600	16475.5	0.9079636263433453	250	0.488	0.332	0.444	0.444	0.0
genesis	329	16401	16650	16525.5	0.9107192063929457	250	0.524	0.356	0.484	0.484	0.0
genesis	330	16451	16700	16575.5	0.9134747864425462	250	0.492	0.332	0.452	0.452	0.0
genesis	331	16501	16750	16625.5	0.9162303664921466	250	0.46	0.308	0.412	0.412	0.0
genesis	332	16551	16800	16675.5	0.918985946541747	250	0.472	0.32	0.468	0.468	0.0
genesis	333	16601	16850	16725.5	0.9217415265913474	250	0.524	0.36	0.672	0.672	0.0
genesis	334	16651	16900	16775.5	0.924497106640948	250	0.528	0.352	0.668	0.668	0.0
genesis	335	16701	16950	16825.5	0.9272526866905484	250	0.54	0.372	0.708	0.708	0.0
genesis	336	16751	17000	16875.5	0.9300082667401488	250	0.588	0.396	0.784	0.784	0.0
genesis	337	16801	17050	16925.5	0.9327638467897492	250	0.604	0.404	0.744	0.744	0.0
genesis	338	16851	17100	16975.5	0.9355194268393496	250	0.568	0.384	0.672	0.672	0.0
genesis	339	16901	17150	17025.5	0.9382750068889502	250	0.52	0.364	0.636	0.636	0.0
genesis	340	16951	17200	17075.5	0.9410305869385506	250	0.488	0.324	0.548	0.548	0.0
genesis	341	17001	17250	17125.5	0.943786166988151	250	0.464	0.316	0.5	0.5	0.0
genesis	342	17051	17300	17175.5	0.9465417470377514	250	0.46	0.3	0.488	0.488	0.0
genesis	343	17101	17350	17225.5	0.9492973270873519	250	0.476	0.288	0.372	0.372	0.0
genesis	344	17151	17400	17275.5	0.9520529071369523	250	0.496	0.292	0.368	0.368	0.0
genesis	345	17201	17450	17325.5	0.9548084871865528	250	0.52	0.316	0.404	0.404	0.0
genesis	346	17251	17500	17375.5	0.9575640672361532	250	0.52	0.304	0.388	0.388	0.0
genesis	347	17301	17550	17425.5	0.9603196472857537	250	0.496	0.308	0.424	0.424	0.0
genesis	348	17351	17600	17475.5	0.9630752273353541	250	0.46	0.28	0.384	0.384	0.0
genesis	349	17401	17650	17525.5	0.9658308073849545	250	0.448	0.276	0.372	0.372	0.0
genesis	350	17451	17700	17575.5	0.9685863874345549	250	0.432	0.256	0.352	0.352	0.0
genesis	351	17501	17750	17625.5	0.9713419674841555	250	0.4	0.244	0.356	0.356	0.0
genesis	352	17551	17800	17675.5	0.9740975475337559	250	0.436	0.264	0.368	0.368	0.0
genesis	353	17601	17850	17725.5	0.9768531275833563	250	0.492	0.304	0.48	0.48	0.0
genesis	354	17651	17900	17775.5	0.9796087076329567	250	0.512	0.316	0.496	0.496	0.0
genesis	355	17701	17950	17825.5	0.9823642876825571	250	0.504	0.324	0.508	0.508	0.0
genesis	356	17751	18000	17875.5	0.9851198677321577	250	0.544	0.344	0.5	0.5	0.0
genesis	357	17801	18050	17925.5	0.9878754477817581	250	0.528	0.328	0.476	0.476	0.0
genesis	358	17851	18100	17975.5	0.9906310278313585	250	0.488	0.316	0.428	0.428	0.0
genesis	359	17896	18145	18020.5	0.9931110498759989	250	0.48	0.32	0.468	0.468	0.0
exodus	1	1	250	125.5	0.008539417953272305	250	0.384	0.244	0.368	0.368	0.0
exodus	2	51	300	175.5	0.011955185134581226	250	0.42	0.276	0.408	0.408	0.0
exodus	3	101	350	225.5	0.01537095231589015	250	0.464	0.308	0.448	0.448	0.0
exodus	4	151	400	275.5	0.01878671949719907	250	0.416	0.268	0.388	0.388	0.0
exodus	5	201	450	325.5	0.022202486678507993	250	0.416	0.252	0.304	0.304	0.0
exodus	6	251	500	375.5	0.025618253859816916	250	0.44	0.28	0.376	0.376	0.0
exodus	7	301	550	425.5	0.029034021041125836	250	0.456	0.3	0.456	0.456	0.0
exodus	8	351	600	475.5	0.03244978822243476	250	0.472	0.312	0.488	0.488	0.0
exodus	9	401	650	525.5	0.03586555540374368	250	0.508	0.328	0.488	0.488	0.0
exodus	10	451	700	575.5	0.039281322585052604	250	0.516	0.34	0.508	0.508	0.0
exodus	11	501	750	625.5	0.04269708976636152	250	0.58	0.404	0.608	0.608	0.0
exodus	12	551	800	675.5	0.04611285694767045	250	0.568	0.384	0.552	0.552	0.0
exodus	13	601	850	725.5	0.04952862412897937	250	0.544	0.368	0.524	0.524	0.0
exodus	14	651	900	775.5	0.05294439131028829	250	0.536	0.372	0.544	0.544	0.0
exodus	15	701	950	825.5	0.056360158491597215	250	0.536	0.352	0.528	0.528	0.0
exodus	16	751	1000	875.5	0.059775925672906134	250	0.488	0.3	0.432	0.432	0.0
exodus	17	801	1050	925.5	0.06319169285421505	250	0.52	0.328	0.472	0.472	0.0
exodus	18	851	1100	975.5	0.06660746003552398	250	0.504	0.312	0.44	0.44	0.0
exodus	19	901	1150	1025.5	0.0700232272168329	250	0.492	0.316	0.444	0.444	0.0
exodus	20	951	1200	1075.5	0.07343899439814182	250	0.444	0.288	0.4	0.4	0.0
exodus	21	1001	1250	1125.5	0.07685476157945074	250	0.468	0.316	0.432	0.432	0.0
exodus	22	1051	1300	1175.5	0.08027052876075967	250	0.456	0.308	0.396	0.396	0.0
exodus	23	1101	1350	1225.5	0.08368629594206858	250	0.5	0.348	0.492	0.492	0.0
exodus	24	1151	1400	1275.5	0.08710206312337751	250	0.492	0.344	0.528	0.528	0.0
exodus	25	1201	1450	1325.5	0.09051783030468644	250	0.532	0.38	0.604	0.604	0.0
exodus	26	1251	1500	1375.5	0.09393359748599535	250	0.512	0.36	0.604	0.604	0.0
exodus	27	1301	1550	1425.5	0.09734936466730428	250	0.524	0.352	0.604	0.604	0.0
exodus	28	1351	1600	1475.5	0.1007651318486132	250	0.532	0.348	0.564	0.564	0.0
exodus	29	1401	1650	1525.5	0.10418089902992211	250	0.568	0.384	0.656	0.656	0.0
exodus	30	1451	1700	1575.5	0.10759666621123104	250	0.568	0.392	0.64	0.64	0.0
exodus	31	1501	1750	1625.5	0.11101243339253997	250	0.604	0.424	0.676	0.676	0.0
exodus	32	1551	1800	1675.5	0.11442820057384889	250	0.6	0.448	0.78	0.78	0.0
exodus	33	1601	1850	1725.5	0.1178439677551578	250	0.596	0.452	0.792	0.792	0.0
exodus	34	1651	1900	1775.5	0.12125973493646673	250	0.616	0.456	0.736	0.736	0.0
exodus	35	1701	1950	1825.5	0.12467550211777566	250	0.624	0.452	0.74	0.74	0.0
exodus	36	1751	2000	1875.5	0.12809126929908457	250	0.62	0.436	0.696	0.696	0.0
exodus	37	1801	2050	1925.5	0.1315070364803935	250	0.628	0.428	0.616	0.616	0.0
exodus	38	1851	2100	1975.5	0.13492280366170242	250	0.6	0.404	0.572	0.572	0.0
exodus	39	1901	2150	2025.5	0.13833857084301135	250	0.556	0.368	0.516	0.516	0.0
exodus	40	1951	2200	2075.5	0.14175433802432028	250	0.532	0.352	0.528	0.528	0.0
exodus	41	2001	2250	2125.5	0.14517010520562917	250	0.496	0.324	0.484	0.484	0.0
exodus	42	2051	2300	2175.5	0.1485858723869381	250	0.504	0.336	0.548	0.548	0.0
exodus	43	2101	2350	2225.5	0.15200163956824703	250	0.536	0.368	0.604	0.604	0.0
exodus	44	2151	2400	2275.5	0.15541740674955595	250	0.568	0.368	0.612	0.612	0.0
exodus	45	2201	2450	2325.5	0.15883317393086488	250	0.62	0.416	0.648	0.648	0.0
exodus	46	2251	2500	2375.5	0.1622489411121738	250	0.6	0.396	0.616	0.616	0.0
exodus	47	2301	2550	2425.5	0.1656647082934827	250	0.588	0.356	0.496	0.496	0.0
exodus	48	2351	2600	2475.5	0.16908047547479163	250	0.576	0.352	0.48	0.48	0.0
exodus	49	2401	2650	2525.5	0.17249624265610056	250	0.572	0.368	0.476	0.476	0.0
exodus	50	2451	2700	2575.5	0.17591200983740948	250	0.532	0.332	0.432	0.432	0.0
exodus	51	2501	2750	2625.5	0.1793277770187184	250	0.576	0.356	0.464	0.464	0.0
exodus	52	2551	2800	2675.5	0.18274354420002734	250	0.596	0.396	0.516	0.516	0.0
exodus	53	2601	2850	2725.5	0.18615931138133623	250	0.564	0.364	0.484	0.484	0.0
exodus	54	2651	2900	2775.5	0.18957507856264516	250	0.532	0.336	0.436	0.436	0.0
exodus	55	2701	2950	2825.5	0.1929908457439541	250	0.504	0.32	0.404	0.404	0.0
exodus	56	2751	3000	2875.5	0.196406612925263	250	0.48	0.312	0.384	0.384	0.0
exodus	57	2801	3050	2925.5	0.19982238010657194	250	0.452	0.292	0.372	0.372	0.0
exodus	58	2851	3100	2975.5	0.20323814728788087	250	0.484	0.312	0.38	0.38	0.0
exodus	59	2901	3150	3025.5	0.2066539144691898	250	0.476	0.308	0.372	0.372	0.0
exodus	60	2951	3200	3075.5	0.2100696816504987	250	0.496	0.3	0.352	0.352	0.0
exodus	61	3001	3250	3125.5	0.21348544883180762	250	0.524	0.332	0.412	0.412	0.0
exodus	62	3051	3300	3175.5	0.21690121601311654	250	0.528	0.336	0.412	0.412	0.0
exodus	63	3101	3350	3225.5	0.22031698319442547	250	0.492	0.308	0.392	0.392	0.0
exodus	64	3151	3400	3275.5	0.2237327503757344	250	0.484	0.304	0.392	0.392	0.0
exodus	65	3201	3450	3325.5	0.22714851755704332	250	0.488	0.316	0.428	0.428	0.0
exodus	66	3251	3500	3375.5	0.23056428473835222	250	0.464	0.288	0.384	0.384	0.0
exodus	67	3301	3550	3425.5	0.23398005191966115	250	0.468	0.276	0.36	0.36	0.0
exodus	68	3351	3600	3475.5	0.23739581910097007	250	0.508	0.312	0.42	0.42	0.0
exodus	69	3401	3650	3525.5	0.240811586282279	250	0.5	0.304	0.416	0.416	0.0
exodus	70	3451	3700	3575.5	0.24422735346358793	250	0.516	0.324	0.424	0.424	0.0
exodus	71	3501	3750	3625.5	0.24764312064489685	250	0.492	0.308	0.416	0.416	0.0
exodus	72	3551	3800	3675.5	0.2510588878262058	250	0.5	0.328	0.476	0.476	0.0
exodus	73	3601	3850	3725.5	0.2544746550075147	250	0.472	0.312	0.488	0.488	0.0
exodus	74	3651	3900	3775.5	0.25789042218882363	250	0.52	0.364	0.608	0.608	0.0
exodus	75	3701	3950	3825.5	0.26130618937013256	250	0.496	0.344	0.616	0.616	0.0
exodus	76	3751	4000	3875.5	0.26472195655144143	250	0.548	0.384	0.676	0.676	0.0
exodus	77	3801	4050	3925.5	0.26813772373275035	250	0.54	0.38	0.68	0.68	0.0
exodus	78	3851	4100	3975.5	0.2715534909140593	250	0.528	0.364	0.644	0.644	0.0
exodus	79	3901	4150	4025.5	0.2749692580953682	250	0.504	0.34	0.612	0.612	0.0
exodus	80	3951	4200	4075.5	0.27838502527667713	250	0.504	0.336	0.576	0.576	0.0
exodus	81	4001	4250	4125.5	0.28180079245798606	250	0.48	0.312	0.516	0.516	0.0
exodus	82	4051	4300	4175.5	0.285216559639295	250	0.452	0.284	0.436	0.436	0.0
exodus	83	4101	4350	4225.5	0.2886323268206039	250	0.488	0.316	0.436	0.436	0.0
exodus	84	4151	4400	4275.5	0.29204809400191284	250	0.488	0.304	0.364	0.364	0.0
exodus	85	4201	4450	4325.5	0.29546386118322177	250	0.496	0.308	0.384	0.384	0.0
exodus	86	4251	4500	4375.5	0.2988796283645307	250	0.464	0.304	0.392	0.392	0.0
exodus	87	4301	4550	4425.5	0.3022953955458396	250	0.468	0.312	0.448	0.448	0.0
exodus	88	4351	4600	4475.5	0.30571116272714854	250	0.468	0.308	0.48	0.48	0.0
exodus	89	4401	4650	4525.5	0.3091269299084574	250	0.488	0.328	0.528	0.528	0.0
exodus	90	4451	4700	4575.5	0.31254269708976634	250	0.5	0.332	0.516	0.516	0.0
exodus	91	4501	4750	4625.5	0.31595846427107527	250	0.508	0.332	0.504	0.504	0.0
exodus	92	4551	4800	4675.5	0.3193742314523842	250	0.536	0.356	0.536	0.536	0.0
exodus	93	4601	4850	4725.5	0.3227899986336931	250	0.544	0.352	0.492	0.492	0.0
exodus	94	4651	4900	4775.5	0.32620576581500205	250	0.52	0.332	0.464	0.464	0.0
exodus	95	4701	4950	4825.5	0.329621532996311	250	0.504	0.332	0.484	0.484	0.0
exodus	96	4751	5000	4875.5	0.3330373001776199	250	0.528	0.364	0.564	0.564	0.0
exodus	97	4801	5050	4925.5	0.3364530673589288	250	0.484	0.324	0.468	0.468	0.0
exodus	98	4851	5100	4975.5	0.33986883454023775	250	0.436	0.3	0.452	0.452	0.0
exodus	99	4901	5150	5025.5	0.3432846017215467	250	0.436	0.3	0.436	0.436	0.0
exodus	100	4951	5200	5075.5	0.3467003689028556	250	0.428	0.292	0.436	0.436	0.0
exodus	101	5001	5250	5125.5	0.35011613608416453	250	0.368	0.232	0.324	0.324	0.0
exodus	102	5051	5300	5175.5	0.3535319032654734	250	0.396	0.256	0.368	0.368	0.0
exodus	103	5101	5350	5225.5	0.35694767044678233	250	0.432	0.276	0.396	0.396	0.0
exodus	104	5151	5400	5275.5	0.36036343762809125	250	0.428	0.276	0.396	0.396	0.0
exodus	105	5201	5450	5325.5	0.3637792048094002	250	0.452	0.296	0.428	0.428	0.0
exodus	106	5251	5500	5375.5	0.3671949719907091	250	0.528	0.348	0.5	0.5	0.0
exodus	107	5301	5550	5425.5	0.37061073917201803	250	0.552	0.356	0.492	0.492	0.0
exodus	108	5351	5600	5475.5	0.37402650635332696	250	0.556	0.364	0.504	0.504	0.0
exodus	109	5401	5650	5525.5	0.3774422735346359	250	0.592	0.376	0.512	0.512	0.0
exodus	110	5451	5700	5575.5	0.3808580407159448	250	0.576	0.36	0.472	0.472	0.0
exodus	111	5501	5750	5625.5	0.38427380789725374	250	0.532	0.324	0.42	0.42	0.0
exodus	112	5551	5800	5675.5	0.38768957507856266	250	0.5	0.304	0.396	0.396	0.0
exodus	113	5601	5850	5725.5	0.3911053422598716	250	0.532	0.328	0.424	0.424	0.0
exodus	114	5651	5900	5775.5	0.39452110944118046	250	0.5	0.32	0.416	0.416	0.0
exodus	115	5701	5950	5825.5	0.3979368766224894	250	0.512	0.332	0.412	0.412	0.0
exodus	116	5751	6000	5875.5	0.4013526438037983	250	0.496	0.32	0.392	0.392	0.0
exodus	117	5801	6050	5925.5	0.40476841098510724	250	0.516	0.332	0.416	0.416	0.0
exodus	118	5851	6100	5975.5	0.40818417816641617	250	0.464	0.276	0.336	0.336	0.0
exodus	119	5901	6150	6025.5	0.4115999453477251	250	0.524	0.328	0.428	0.428	0.0
exodus	120	5951	6200	6075.5	0.415015712529034	250	0.508	0.32	0.44	0.44	0.0
exodus	121	6001	6250	6125.5	0.41843147971034295	250	0.552	0.344	0.468	0.468	0.0
exodus	122	6051	6300	6175.5	0.4218472468916519	250	0.568	0.38	0.628	0.628	0.0
exodus	123	6101	6350	6225.5	0.4252630140729608	250	0.604	0.428	0.7	0.7	0.0
exodus	124	6151	6400	6275.5	0.4286787812542697	250	0.54	0.38	0.64	0.64	0.0
exodus	125	6201	6450	6325.5	0.43209454843557865	250	0.548	0.384	0.668	0.668	0.0
exodus	126	6251	6500	6375.5	0.4355103156168876	250	0.544	0.412	0.752	0.752	0.0
exodus	127	6301	6550	6425.5	0.43892608279819645	250	0.492	0.368	0.608	0.608	0.0
exodus	128	6351	6600	6475.5	0.4423418499795054	250	0.46	0.332	0.556	0.556	0.0
exodus	129	6401	6650	6525.5	0.4457576171608143	250	0.52	0.372	0.632	0.632	0.0
exodus	130	6451	6700	6575.5	0.4491733843421232	250	0.508	0.364	0.6	0.6	0.0
exodus	131	6501	6750	6625.5	0.45258915152343215	250	0.524	0.36	0.56	0.56	0.0
exodus	132	6551	6800	6675.5	0.4560049187047411	250	0.544	0.356	0.556	0.556	0.0
exodus	133	6601	6850	6725.5	0.45942068588605	250	0.56	0.372	0.6	0.6	0.0
exodus	134	6651	6900	6775.5	0.46283645306735893	250	0.524	0.344	0.512	0.512	0.0
exodus	135	6701	6950	6825.5	0.46625222024866786	250	0.528	0.34	0.488	0.488	0.0
exodus	136	6751	7000	6875.5	0.4696679874299768	250	0.492	0.308	0.44	0.44	0.0
exodus	137	6801	7050	6925.5	0.4730837546112857	250	0.476	0.316	0.52	0.52	0.0
exodus	138	6851	7100	6975.5	0.47649952179259464	250	0.436	0.292	0.46	0.46	0.0
exodus	139	6901	7150	7025.5	0.47991528897390356	250	0.408	0.252	0.408	0.408	0.0
exodus	140	6951	7200	7075.5	0.48333105615521244	250	0.452	0.276	0.504	0.504	0.0
exodus	141	7001	7250	7125.5	0.48674682333652136	250	0.48	0.308	0.556	0.556	0.0
exodus	142	7051	7300	7175.5	0.4901625905178303	250	0.512	0.328	0.568	0.568	0.0
exodus	143	7101	7350	7225.5	0.4935783576991392	250	0.536	0.344	0.632	0.632	0.0
exodus	144	7151	7400	7275.5	0.49699412488044814	250	0.588	0.4	0.712	0.712	0.0
exodus	145	7201	7450	7325.5	0.5004098920617571	250	0.536	0.384	0.636	0.636	0.0
exodus	146	7251	7500	7375.5	0.503825659243066	250	0.524	0.364	0.6	0.6	0.0
exodus	147	7301	7550	7425.5	0.5072414264243749	250	0.508	0.352	0.52	0.52	0.0
exodus	148	7351	7600	7475.5	0.5106571936056838	250	0.488	0.332	0.452	0.452	0.0
exodus	149	7401	7650	7525.5	0.5140729607869927	250	0.448	0.308	0.424	0.424	0.0
exodus	150	7451	7700	7575.5	0.5174887279683017	250	0.452	0.304	0.416	0.416	0.0
exodus	151	7501	7750	7625.5	0.5209044951496106	250	0.444	0.304	0.428	0.428	0.0
exodus	152	7551	7800	7675.5	0.5243202623309196	250	0.44	0.292	0.408	0.408	0.0
exodus	153	7601	7850	7725.5	0.5277360295122284	250	0.456	0.304	0.412	0.412	0.0
exodus	154	7651	7900	7775.5	0.5311517966935374	250	0.484	0.32	0.432	0.432	0.0
exodus	155	7701	7950	7825.5	0.5345675638748463	250	0.52	0.352	0.576	0.576	0.0
exodus	156	7751	8000	7875.5	0.5379833310561553	250	0.524	0.36	0.62	0.62	0.0
exodus	157	7801	8050	7925.5	0.5413990982374641	250	0.544	0.38	0.628	0.628	0.0
exodus	158	7851	8100	7975.5	0.5448148654187731	250	0.576	0.396	0.664	0.664	0.0
exodus	159	7901	8150	8025.5	0.548230632600082	250	0.536	0.368	0.64	0.64	0.0
exodus	160	7951	8200	8075.5	0.5516463997813909	250	0.512	0.344	0.508	0.508	0.0
exodus	161	8001	8250	8125.5	0.5550621669626998	250	0.516	0.348	0.472	0.472	0.0
exodus	162	8051	8300	8175.5	0.5584779341440087	250	0.504	0.332	0.528	0.528	0.0
exodus	163	8101	8350	8225.5	0.5618937013253177	250	0.516	0.36	0.608	0.608	0.0
exodus	164	8151	8400	8275.5	0.5653094685066266	250	0.564	0.388	0.628	0.628	0.0
exodus	165	8201	8450	8325.5	0.5687252356879355	250	0.596	0.412	0.668	0.668	0.0
exodus	166	8251	8500	8375.5	0.5721410028692444	250	0.644	0.444	0.748	0.748	0.0
exodus	167	8301	8550	8425.5	0.5755567700505534	250	0.7	0.496	0.836	0.836	0.0
exodus	168	8351	8600	8475.5	0.5789725372318623	250	0.7	0.504	0.96	0.96	0.0
exodus	169	8401	8650	8525.5	0.5823883044131712	250	0.7	0.512	0.996	0.996	0.0
exodus	170	8451	8700	8575.5	0.5858040715944801	250	0.716	0.52	1.06	1.06	0.0
exodus	171	8501	8750	8625.5	0.5892198387757891	250	0.712	0.508	1.028	1.028	0.0
exodus	172	8551	8800	8675.5	0.592635605957098	250	0.7	0.504	0.944	0.944	0.0
exodus	173	8601	8850	8725.5	0.5960513731384068	250	0.704	0.5	0.82	0.82	0.0
exodus	174	8651	8900	8775.5	0.5994671403197158	250	0.732	0.54	0.936	0.936	0.0
exodus	175	8701	8950	8825.5	0.6028829075010247	250	0.732	0.56	0.992	0.992	0.0
exodus	176	8751	9000	8875.5	0.6062986746823337	250	0.708	0.544	0.972	0.972	0.0
exodus	177	8801	9050	8925.5	0.6097144418636425	250	0.704	0.528	0.956	0.956	0.0
exodus	178	8851	9100	8975.5	0.6131302090449515	250	0.7	0.512	0.904	0.904	0.0
exodus	179	8901	9150	9025.5	0.6165459762262604	250	0.688	0.484	0.888	0.888	0.0
exodus	180	8951	9200	9075.5	0.6199617434075694	250	0.68	0.46	0.816	0.816	0.0
exodus	181	9001	9250	9125.5	0.6233775105888782	250	0.704	0.492	0.916	0.916	0.0
exodus	182	9051	9300	9175.5	0.6267932777701872	250	0.676	0.48	0.9	0.9	0.0
exodus	183	9101	9350	9225.5	0.6302090449514961	250	0.644	0.456	0.864	0.864	0.0
exodus	184	9151	9400	9275.5	0.6336248121328051	250	0.624	0.428	0.708	0.708	0.0
exodus	185	9201	9450	9325.5	0.637040579314114	250	0.6	0.412	0.644	0.644	0.0
exodus	186	9251	9500	9375.5	0.6404563464954228	250	0.572	0.408	0.684	0.684	0.0
exodus	187	9301	9550	9425.5	0.6438721136767318	250	0.536	0.368	0.632	0.632	0.0
exodus	188	9351	9600	9475.5	0.6472878808580407	250	0.596	0.444	0.996	0.996	0.0
exodus	189	9401	9650	9525.5	0.6507036480393497	250	0.596	0.468	1.116	1.116	0.0
exodus	190	9451	9700	9575.5	0.6541194152206585	250	0.588	0.452	1.076	1.076	0.0
exodus	191	9501	9750	9625.5	0.6575351824019675	250	0.576	0.432	0.956	0.956	0.0
exodus	192	9551	9800	9675.5	0.6609509495832764	250	0.62	0.476	1.012	1.012	0.0
exodus	193	9601	9850	9725.5	0.6643667167645854	250	0.54	0.4	0.672	0.672	0.0
exodus	194	9651	9900	9775.5	0.6677824839458942	250	0.548	0.4	0.656	0.656	0.0
exodus	195	9701	9950	9825.5	0.6711982511272032	250	0.576	0.432	0.84	0.84	0.0
exodus	196	9751	10000	9875.5	0.6746140183085121	250	0.568	0.408	0.784	0.784	0.0
exodus	197	9801	10050	9925.5	0.6780297854898211	250	0.588	0.428	0.864	0.864	0.0
exodus	198	9851	10100	9975.5	0.6814455526711299	250	0.628	0.456	0.928	0.928	0.0
exodus	199	9901	10150	10025.5	0.6848613198524388	250	0.608	0.432	0.864	0.864	0.0
exodus	200	9951	10200	10075.5	0.6882770870337478	250	0.62	0.432	0.74	0.74	0.0
exodus	201	10001	10250	10125.5	0.6916928542150567	250	0.636	0.448	0.764	0.764	0.0
exodus	202	10051	10300	10175.5	0.6951086213963656	250	0.616	0.432	0.692	0.692	0.0
exodus	203	10101	10350	10225.5	0.6985243885776745	250	0.604	0.408	0.604	0.604	0.0
exodus	204	10151	10400	10275.5	0.7019401557589835	250	0.612	0.404	0.564	0.564	0.0
exodus	205	10201	10450	10325.5	0.7053559229402924	250	0.56	0.372	0.572	0.572	0.0
exodus	206	10251	10500	10375.5	0.7087716901216013	250	0.56	0.372	0.576	0.576	0.0
exodus	207	10301	10550	10425.5	0.7121874573029102	250	0.564	0.352	0.532	0.532	0.0
exodus	208	10351	10600	10475.5	0.7156032244842192	250	0.584	0.38	0.572	0.572	0.0
exodus	209	10401	10650	10525.5	0.7190189916655281	250	0.608	0.392	0.6	0.6	0.0
exodus	210	10451	10700	10575.5	0.7224347588468369	250	0.612	0.38	0.516	0.516	0.0
exodus	211	10501	10750	10625.5	0.7258505260281459	250	0.612	0.376	0.484	0.484	0.0
exodus	212	10551	10800	10675.5	0.7292662932094548	250	0.588	0.356	0.452	0.452	0.0
exodus	213	10601	10850	10725.5	0.7326820603907638	250	0.532	0.308	0.388	0.388	0.0
exodus	214	10651	10900	10775.5	0.7360978275720726	250	0.524	0.324	0.416	0.416	0.0
exodus	215	10701	10950	10825.5	0.7395135947533816	250	0.544	0.344	0.46	0.46	0.0
exodus	216	10751	11000	10875.5	0.7429293619346905	250	0.536	0.34	0.484	0.484	0.0
exodus	217	10801	11050	10925.5	0.7463451291159995	250	0.568	0.372	0.552	0.552	0.0
exodus	218	10851	11100	10975.5	0.7497608962973084	250	0.544	0.36	0.528	0.528	0.0
exodus	219	10901	11150	11025.5	0.7531766634786173	250	0.484	0.304	0.448	0.448	0.0
exodus	220	10951	11200	11075.5	0.7565924306599262	250	0.456	0.292	0.428	0.428	0.0
exodus	221	11001	11250	11125.5	0.7600081978412352	250	0.472	0.304	0.46	0.46	0.0
exodus	222	11051	11300	11175.5	0.7634239650225441	250	0.436	0.28	0.44	0.44	0.0
exodus	223	11101	11350	11225.5	0.7668397322038529	250	0.452	0.28	0.44	0.44	0.0
exodus	224	11151	11400	11275.5	0.7702554993851619	250	0.444	0.28	0.424	0.424	0.0
exodus	225	11201	11450	11325.5	0.7736712665664708	250	0.464	0.3	0.448	0.448	0.0
exodus	226	11251	11500	11375.5	0.7770870337477798	250	0.408	0.268	0.376	0.376	0.0
exodus	227	11301	11550	11425.5	0.7805028009290886	250	0.372	0.244	0.32	0.32	0.0
exodus	228	11351	11600	11475.5	0.7839185681103976	250	0.384	0.256	0.34	0.34	0.0
exodus	229	11401	11650	11525.5	0.7873343352917065	250	0.456	0.304	0.412	0.412	0.0
exodus	230	11451	11700	11575.5	0.7907501024730155	250	0.432	0.28	0.38	0.38	0.0
exodus	231	11501	11750	11625.5	0.7941658696543243	250	0.452	0.276	0.356	0.356	0.0
exodus	232	11551	11800	11675.5	0.7975816368356333	250	0.5	0.312	0.392	0.392	0.0
exodus	233	11601	11850	11725.5	0.8009974040169422	250	0.52	0.328	0.448	0.448	0.0
exodus	234	11651	11900	11775.5	0.8044131711982512	250	0.476	0.308	0.464	0.464	0.0
exodus	235	11701	11950	11825.5	0.80782893837956	250	0.452	0.284	0.424	0.424	0.0
exodus	236	11751	12000	11875.5	0.8112447055608689	250	0.456	0.292	0.448	0.448	0.0
exodus	237	11801	12050	11925.5	0.8146604727421779	250	0.476	0.296	0.456	0.456	0.0
exodus	238	11851	12100	11975.5	0.8180762399234868	250	0.488	0.3	0.432	0.432	0.0
exodus	239	11901	12150	12025.5	0.8214920071047958	250	0.488	0.308	0.404	0.404	0.0
exodus	240	11951	12200	12075.5	0.8249077742861046	250	0.532	0.34	0.448	0.448	0.0
exodus	241	12001	12250	12125.5	0.8283235414674136	250	0.568	0.384	0.544	0.544	0.0
exodus	242	12051	12300	12175.5	0.8317393086487225	250	0.556	0.392	0.576	0.576	0.0
exodus	243	12101	12350	12225.5	0.8351550758300315	250	0.536	0.392	0.636	0.636	0.0
exodus	244	12151	12400	12275.5	0.8385708430113403	250	0.584	0.412	0.756	0.756	0.0
exodus	245	12201	12450	12325.5	0.8419866101926493	250	0.588	0.42	0.8	0.8	0.0
exodus	246	12251	12500	12375.5	0.8454023773739582	250	0.552	0.38	0.72	0.72	0.0
exodus	247	12301	12550	12425.5	0.8488181445552672	250	0.524	0.364	0.708	0.708	0.0
exodus	248	12351	12600	12475.5	0.852233911736576	250	0.524	0.352	0.648	0.648	0.0
exodus	249	12401	12650	12525.5	0.8556496789178849	250	0.476	0.316	0.496	0.496	0.0
exodus	250	12451	12700	12575.5	0.8590654460991939	250	0.48	0.308	0.448	0.448	0.0
exodus	251	12501	12750	12625.5	0.8624812132805028	250	0.464	0.292	0.42	0.42	0.0
exodus	252	12551	12800	12675.5	0.8658969804618117	250	0.528	0.344	0.592	0.592	0.0
exodus	253	12601	12850	12725.5	0.8693127476431206	250	0.584	0.4	0.72	0.72	0.0
exodus	254	12651	12900	12775.5	0.8727285148244296	250	0.632	0.456	0.884	0.884	0.0
exodus	255	12701	12950	12825.5	0.8761442820057385	250	0.66	0.5	1.052	1.052	0.0
exodus	256	12751	13000	12875.5	0.8795600491870474	250	0.716	0.568	1.236	1.236	0.0
exodus	257	12801	13050	12925.5	0.8829758163683563	250	0.684	0.54	1.168	1.168	0.0
exodus	258	12851	13100	12975.5	0.8863915835496653	250	0.644	0.512	1.104	1.104	0.0
exodus	259	12901	13150	13025.5	0.8898073507309742	250	0.632	0.484	1.012	1.012	0.0
exodus	260	12951	13200	13075.5	0.8932231179122831	250	0.632	0.48	0.92	0.92	0.0
exodus	261	13001	13250	13125.5	0.896638885093592	250	0.644	0.472	0.86	0.86	0.0
exodus	262	13051	13300	13175.5	0.9000546522749009	250	0.692	0.508	0.892	0.892	0.0
exodus	263	13101	13350	13225.5	0.9034704194562099	250	0.732	0.536	1.032	1.032	0.0
exodus	264	13151	13400	13275.5	0.9068861866375187	250	0.716	0.532	1.064	1.064	0.0
exodus	265	13201	13450	13325.5	0.9103019538188277	250	0.66	0.492	1.028	1.028	0.0
exodus	266	13251	13500	13375.5	0.9137177210001366	250	0.644	0.496	1.06	1.06	0.0
exodus	267	13301	13550	13425.5	0.9171334881814456	250	0.636	0.488	1.092	1.092	0.0
exodus	268	13351	13600	13475.5	0.9205492553627544	250	0.644	0.5	1.08	1.08	0.0
exodus	269	13401	13650	13525.5	0.9239650225440634	250	0.652	0.5	1.032	1.032	0.0
exodus	270	13451	13700	13575.5	0.9273807897253723	250	0.632	0.468	0.948	0.948	0.0
exodus	271	13501	13750	13625.5	0.9307965569066813	250	0.616	0.452	0.904	0.904	0.0
exodus	272	13551	13800	13675.5	0.9342123240879902	250	0.588	0.416	0.756	0.756	0.0
exodus	273	13601	13850	13725.5	0.9376280912692991	250	0.564	0.396	0.608	0.608	0.0
exodus	274	13651	13900	13775.5	0.941043858450608	250	0.532	0.372	0.592	0.592	0.0
exodus	275	13701	13950	13825.5	0.9444596256319169	250	0.552	0.392	0.64	0.64	0.0
exodus	276	13751	14000	13875.5	0.9478753928132259	250	0.608	0.444	0.984	0.984	0.0
exodus	277	13801	14050	13925.5	0.9512911599945347	250	0.604	0.464	1.04	1.04	0.0
exodus	278	13851	14100	13975.5	0.9547069271758437	250	0.592	0.44	1.036	1.036	0.0
exodus	279	13901	14150	14025.5	0.9581226943571526	250	0.6	0.444	1.028	1.028	0.0
exodus	280	13951	14200	14075.5	0.9615384615384616	250	0.652	0.492	1.148	1.148	0.0
exodus	281	14001	14250	14125.5	0.9649542287197704	250	0.62	0.452	0.852	0.852	0.0
exodus	282	14051	14300	14175.5	0.9683699959010794	250	0.632	0.444	0.812	0.812	0.0
exodus	283	14101	14350	14225.5	0.9717857630823883	250	0.636	0.452	0.924	0.924	0.0
exodus	284	14151	14400	14275.5	0.9752015302636973	250	0.676	0.488	1.084	1.084	0.0
exodus	285	14201	14450	14325.5	0.9786172974450061	250	0.652	0.468	1.024	1.024	0.0
exodus	286	14251	14500	14375.5	0.9820330646263151	250	0.664	0.456	0.928	0.928	0.0
exodus	287	14301	14550	14425.5	0.985448831807624	250	0.676	0.48	0.912	0.912	0.0
exodus	288	14351	14600	14475.5	0.9888645989889329	250	0.676	0.472	0.756	0.756	0.0
exodus	289	14389	14638	14513.5	0.9914605820467277	250	0.652	0.46	0.704	0.704	0.0
leviticus	1	1	250	125.5	0.012087805821487283	250	0.404	0.248	0.332	0.332	0.0
leviticus	2	51	300	175.5	0.016922928150082197	250	0.484	0.312	0.416	0.416	0.0
leviticus	3	101	350	225.5	0.02175805047867711	250	0.476	0.304	0.404	0.404	0.0
leviticus	4	151	400	275.5	0.026593172807272025	250	0.5	0.32	0.448	0.448	0.0
leviticus	5	201	450	325.5	0.03142829513586694	250	0.52	0.336	0.472	0.472	0.0
leviticus	6	251	500	375.5	0.03626341746446185	250	0.556	0.364	0.5	0.5	0.0
leviticus	7	301	550	425.5	0.04109853979305676	250	0.508	0.324	0.444	0.444	0.0
leviticus	8	351	600	475.5	0.045933662121651675	250	0.54	0.344	0.46	0.46	0.0
leviticus	9	401	650	525.5	0.050768784450246594	250	0.548	0.348	0.464	0.464	0.0
leviticus	10	451	700	575.5	0.05560390677884151	250	0.58	0.372	0.488	0.488	0.0
leviticus	11	501	750	625.5	0.06043902910743642	250	0.572	0.36	0.468	0.468	0.0
leviticus	12	551	800	675.5	0.06527415143603134	250	0.604	0.4	0.556	0.556	0.0
leviticus	13	601	850	725.5	0.07010927376462625	250	0.592	0.396	0.556	0.556	0.0
leviticus	14	651	900	775.5	0.07494439609322116	250	0.556	0.376	0.524	0.524	0.0
leviticus	15	701	950	825.5	0.07977951842181608	250	0.512	0.336	0.484	0.484	0.0
leviticus	16	751	1000	875.5	0.08461464075041099	250	0.504	0.34	0.5	0.5	0.0
leviticus	17	801	1050	925.5	0.0894497630790059	250	0.452	0.296	0.416	0.416	0.0
leviticus	18	851	1100	975.5	0.09428488540760081	250	0.476	0.308	0.468	0.468	0.0
leviticus	19	901	1150	1025.5	0.09912000773619573	250	0.524	0.34	0.504	0.504	0.0
leviticus	20	951	1200	1075.5	0.10395513006479064	250	0.524	0.34	0.496	0.496	0.0
leviticus	21	1001	1250	1125.5	0.10879025239338555	250	0.536	0.356	0.5	0.5	0.0
leviticus	22	1051	1300	1175.5	0.11362537472198046	250	0.552	0.36	0.492	0.492	0.0
leviticus	23	1101	1350	1225.5	0.11846049705057538	250	0.496	0.328	0.416	0.416	0.0
leviticus	24	1151	1400	1275.5	0.12329561937917029	250	0.444	0.296	0.4	0.4	0.0
leviticus	25	1201	1450	1325.5	0.1281307417077652	250	0.468	0.308	0.408	0.408	0.0
leviticus	26	1251	1500	1375.5	0.13296586403636013	250	0.472	0.312	0.424	0.424	0.0
leviticus	27	1301	1550	1425.5	0.13780098636495502	250	0.448	0.304	0.424	0.424	0.0
leviticus	28	1351	1600	1475.5	0.14263610869354995	250	0.44	0.288	0.392	0.392	0.0
leviticus	29	1401	1650	1525.5	0.14747123102214485	250	0.468	0.3	0.372	0.372	0.0
leviticus	30	1451	1700	1575.5	0.15230635335073978	250	0.444	0.292	0.38	0.38	0.0
leviticus	31	1501	1750	1625.5	0.15714147567933467	250	0.452	0.28	0.352	0.352	0.0
leviticus	32	1551	1800	1675.5	0.1619765980079296	250	0.52	0.336	0.448	0.448	0.0
leviticus	33	1601	1850	1725.5	0.16681172033652453	250	0.568	0.376	0.54	0.54	0.0
leviticus	34	1651	1900	1775.5	0.17164684266511943	250	0.536	0.364	0.544	0.544	0.0
leviticus	35	1701	1950	1825.5	0.17648196499371435	250	0.532	0.356	0.532	0.532	0.0
leviticus	36	1751	2000	1875.5	0.18131708732230925	250	0.564	0.376	0.548	0.548	0.0
leviticus	37	1801	2050	1925.5	0.18615220965090418	250	0.544	0.348	0.472	0.472	0.0
leviticus	38	1851	2100	1975.5	0.19098733197949908	250	0.56	0.356	0.468	0.468	0.0
leviticus	39	1901	2150	2025.5	0.195822454308094	250	0.616	0.392	0.536	0.536	0.0
leviticus	40	1951	2200	2075.5	0.2006575766366889	250	0.648	0.42	0.572	0.572	0.0
leviticus	41	2001	2250	2125.5	0.20549269896528383	250	0.624	0.404	0.552	0.552	0.0
leviticus	42	2051	2300	2175.5	0.21032782129387873	250	0.616	0.396	0.556	0.556	0.0
leviticus	43	2101	2350	2225.5	0.21516294362247365	250	0.58	0.38	0.52	0.52	0.0
leviticus	44	2151	2400	2275.5	0.21999806595106855	250	0.568	0.368	0.52	0.52	0.0
leviticus	45	2201	2450	2325.5	0.22483318827966348	250	0.564	0.368	0.528	0.528	0.0
leviticus	46	2251	2500	2375.5	0.2296683106082584	250	0.572	0.392	0.62	0.62	0.0
leviticus	47	2301	2550	2425.5	0.2345034329368533	250	0.568	0.388	0.624	0.624	0.0
leviticus	48	2351	2600	2475.5	0.23933855526544823	250	0.576	0.376	0.612	0.612	0.0
leviticus	49	2401	2650	2525.5	0.24417367759404313	250	0.552	0.376	0.556	0.556	0.0
leviticus	50	2451	2700	2575.5	0.24900879992263805	250	0.544	0.368	0.54	0.54	0.0
leviticus	51	2501	2750	2625.5	0.253843922251233	250	0.508	0.336	0.448	0.448	0.0
leviticus	52	2551	2800	2675.5	0.2586790445798279	250	0.508	0.336	0.444	0.444	0.0
leviticus	53	2601	2850	2725.5	0.2635141669084228	250	0.48	0.324	0.424	0.424	0.0
leviticus	54	2651	2900	2775.5	0.2683492892370177	250	0.504	0.328	0.444	0.444	0.0
leviticus	55	2701	2950	2825.5	0.27318441156561263	250	0.496	0.32	0.416	0.416	0.0
leviticus	56	2751	3000	2875.5	0.2780195338942075	250	0.496	0.32	0.424	0.424	0.0
leviticus	57	2801	3050	2925.5	0.2828546562228024	250	0.508	0.332	0.444	0.444	0.0
leviticus	58	2851	3100	2975.5	0.2876897785513973	250	0.516	0.336	0.448	0.448	0.0
leviticus	59	2901	3150	3025.5	0.2925249008799923	250	0.52	0.324	0.416	0.416	0.0
leviticus	60	2951	3200	3075.5	0.2973600232085872	250	0.564	0.368	0.48	0.48	0.0
leviticus	61	3001	3250	3125.5	0.3021951455371821	250	0.636	0.432	0.596	0.596	0.0
leviticus	62	3051	3300	3175.5	0.30703026786577703	250	0.628	0.436	0.6	0.6	0.0
leviticus	63	3101	3350	3225.5	0.3118653901943719	250	0.644	0.448	0.608	0.608	0.0
leviticus	64	3151	3400	3275.5	0.3167005125229668	250	0.632	0.448	0.62	0.62	0.0
leviticus	65	3201	3450	3325.5	0.3215356348515617	250	0.58	0.404	0.572	0.572	0.0
leviticus	66	3251	3500	3375.5	0.3263707571801567	250	0.556	0.376	0.516	0.516	0.0
leviticus	67	3301	3550	3425.5	0.3312058795087516	250	0.6	0.388	0.512	0.512	0.0
leviticus	68	3351	3600	3475.5	0.3360410018373465	250	0.64	0.428	0.66	0.66	0.0
leviticus	69	3401	3650	3525.5	0.3408761241659414	250	0.644	0.432	0.664	0.664	0.0
leviticus	70	3451	3700	3575.5	0.34571124649453633	250	0.644	0.428	0.644	0.644	0.0
leviticus	71	3501	3750	3625.5	0.3505463688231312	250	0.592	0.392	0.584	0.584	0.0
leviticus	72	3551	3800	3675.5	0.3553814911517261	250	0.56	0.376	0.588	0.588	0.0
leviticus	73	3601	3850	3725.5	0.3602166134803211	250	0.536	0.368	0.524	0.524	0.0
leviticus	74	3651	3900	3775.5	0.365051735808916	250	0.504	0.352	0.496	0.496	0.0
leviticus	75	3701	3950	3825.5	0.3698868581375109	250	0.52	0.376	0.556	0.556	0.0
leviticus	76	3751	4000	3875.5	0.3747219804661058	250	0.524	0.368	0.548	0.548	0.0
leviticus	77	3801	4050	3925.5	0.37955710279470073	250	0.5	0.356	0.504	0.504	0.0
leviticus	78	3851	4100	3975.5	0.3843922251232956	250	0.476	0.328	0.444	0.444	0.0
leviticus	79	3901	4150	4025.5	0.3892273474518905	250	0.476	0.328	0.432	0.432	0.0
leviticus	80	3951	4200	4075.5	0.3940624697804854	250	0.456	0.312	0.42	0.42	0.0
leviticus	81	4001	4250	4125.5	0.3988975921090804	250	0.492	0.356	0.516	0.516	0.0
leviticus	82	4051	4300	4175.5	0.4037327144376753	250	0.528	0.376	0.604	0.604	0.0
leviticus	83	4101	4350	4225.5	0.4085678367662702	250	0.552	0.4	0.704	0.704	0.0
leviticus	84	4151	4400	4275.5	0.4134029590948651	250	0.568	0.412	0.796	0.796	0.0
leviticus	85	4201	4450	4325.5	0.41823808142346003	250	0.532	0.384	0.724	0.724	0.0
leviticus	86	4251	4500	4375.5	0.4230732037520549	250	0.516	0.368	0.728	0.728	0.0
leviticus	87	4301	4550	4425.5	0.4279083260806498	250	0.472	0.344	0.676	0.676	0.0
leviticus	88	4351	4600	4475.5	0.4327434484092448	250	0.512	0.356	0.608	0.608	0.0
leviticus	89	4401	4650	4525.5	0.4375785707378397	250	0.48	0.336	0.52	0.52	0.0
leviticus	90	4451	4700	4575.5	0.4424136930664346	250	0.536	0.364	0.56	0.56	0.0
leviticus	91	4501	4750	4625.5	0.4472488153950295	250	0.556	0.38	0.556	0.556	0.0
leviticus	92	4551	4800	4675.5	0.45208393772362443	250	0.572	0.408	0.648	0.648	0.0
leviticus	93	4601	4850	4725.5	0.45691906005221933	250	0.52	0.376	0.64	0.64	0.0
leviticus	94	4651	4900	4775.5	0.4617541823808142	250	0.572	0.424	0.772	0.772	0.0
leviticus	95	4701	4950	4825.5	0.4665893047094091	250	0.564	0.42	0.78	0.78	0.0
leviticus	96	4751	5000	4875.5	0.4714244270380041	250	0.564	0.428	0.808	0.808	0.0
leviticus	97	4801	5050	4925.5	0.476259549366599	250	0.588	0.428	0.764	0.764	0.0
leviticus	98	4851	5100	4975.5	0.4810946716951939	250	0.584	0.436	0.788	0.788	0.0
leviticus	99	4901	5150	5025.5	0.4859297940237888	250	0.592	0.408	0.704	0.704	0.0
leviticus	100	4951	5200	5075.5	0.49076491635238373	250	0.608	0.432	0.732	0.732	0.0
leviticus	101	5001	5250	5125.5	0.4956000386809786	250	0.616	0.416	0.672	0.672	0.0
leviticus	102	5051	5300	5175.5	0.5004351610095735	250	0.66	0.468	0.864	0.864	0.0
leviticus	103	5101	5350	5225.5	0.5052702833381685	250	0.684	0.484	0.9	0.9	0.0
leviticus	104	5151	5400	5275.5	0.5101054056667633	250	0.664	0.472	0.868	0.868	0.0
leviticus	105	5201	5450	5325.5	0.5149405279953583	250	0.716	0.504	0.964	0.964	0.0
leviticus	106	5251	5500	5375.5	0.5197756503239532	250	0.72	0.528	1.056	1.056	0.0
leviticus	107	5301	5550	5425.5	0.5246107726525481	250	0.656	0.468	0.892	0.892	0.0
leviticus	108	5351	5600	5475.5	0.529445894981143	250	0.644	0.452	0.84	0.84	0.0
leviticus	109	5401	5650	5525.5	0.534281017309738	250	0.632	0.46	0.864	0.864	0.0
leviticus	110	5451	5700	5575.5	0.5391161396383328	250	0.588	0.416	0.748	0.748	0.0
leviticus	111	5501	5750	5625.5	0.5439512619669278	250	0.568	0.388	0.64	0.64	0.0
leviticus	112	5551	5800	5675.5	0.5487863842955226	250	0.592	0.4	0.596	0.596	0.0
leviticus	113	5601	5850	5725.5	0.5536215066241176	250	0.592	0.396	0.576	0.576	0.0
leviticus	114	5651	5900	5775.5	0.5584566289527125	250	0.584	0.388	0.544	0.544	0.0
leviticus	115	5701	5950	5825.5	0.5632917512813074	250	0.556	0.372	0.528	0.528	0.0
leviticus	116	5751	6000	5875.5	0.5681268736099023	250	0.516	0.356	0.548	0.548	0.0
leviticus	117	5801	6050	5925.5	0.5729619959384973	250	0.508	0.344	0.58	0.58	0.0
leviticus	118	5851	6100	5975.5	0.5777971182670921	250	0.508	0.348	0.592	0.592	0.0
leviticus	119	5901	6150	6025.5	0.5826322405956871	250	0.552	0.372	0.612	0.612	0.0
leviticus	120	5951	6200	6075.5	0.587467362924282	250	0.56	0.38	0.628	0.628	0.0
leviticus	121	6001	6250	6125.5	0.5923024852528769	250	0.632	0.424	0.664	0.664	0.0
leviticus	122	6051	6300	6175.5	0.5971376075814718	250	0.616	0.416	0.62	0.62	0.0
leviticus	123	6101	6350	6225.5	0.6019727299100667	250	0.648	0.444	0.692	0.692	0.0
leviticus	124	6151	6400	6275.5	0.6068078522386616	250	0.68	0.488	0.816	0.816	0.0
leviticus	125	6201	6450	6325.5	0.6116429745672566	250	0.752	0.58	1.044	1.044	0.0
leviticus	126	6251	6500	6375.5	0.6164780968958514	250	0.724	0.568	1.088	1.088	0.0
leviticus	127	6301	6550	6425.5	0.6213132192244464	250	0.752	0.58	1.06	1.06	0.0
leviticus	128	6351	6600	6475.5	0.6261483415530413	250	0.724	0.576	1.1	1.1	0.0
leviticus	129	6401	6650	6525.5	0.6309834638816362	250	0.652	0.52	1.012	1.012	0.0
leviticus	130	6451	6700	6575.5	0.6358185862102311	250	0.56	0.42	0.796	0.796	0.0
leviticus	131	6501	6750	6625.5	0.6406537085388261	250	0.528	0.392	0.692	0.692	0.0
leviticus	132	6551	6800	6675.5	0.6454888308674209	250	0.472	0.364	0.696	0.696	0.0
leviticus	133	6601	6850	6725.5	0.6503239531960159	250	0.464	0.324	0.556	0.556	0.0
leviticus	134	6651	6900	6775.5	0.6551590755246107	250	0.48	0.328	0.572	0.572	0.0
leviticus	135	6701	6950	6825.5	0.6599941978532057	250	0.492	0.34	0.58	0.58	0.0
leviticus	136	6751	7000	6875.5	0.6648293201818006	250	0.524	0.356	0.612	0.612	0.0
leviticus	137	6801	7050	6925.5	0.6696644425103955	250	0.548	0.368	0.604	0.604	0.0
leviticus	138	6851	7100	6975.5	0.6744995648389904	250	0.608	0.412	0.696	0.696	0.0
leviticus	139	6901	7150	7025.5	0.6793346871675854	250	0.644	0.452	0.7	0.7	0.0
leviticus	140	6951	7200	7075.5	0.6841698094961802	250	0.656	0.456	0.692	0.692	0.0
leviticus	141	7001	7250	7125.5	0.6890049318247752	250	0.632	0.432	0.616	0.616	0.0
leviticus	142	7051	7300	7175.5	0.6938400541533701	250	0.62	0.436	0.672	0.672	0.0
leviticus	143	7101	7350	7225.5	0.698675176481965	250	0.556	0.396	0.588	0.588	0.0
leviticus	144	7151	7400	7275.5	0.7035102988105599	250	0.508	0.344	0.572	0.572	0.0
leviticus	145	7201	7450	7325.5	0.7083454211391548	250	0.492	0.336	0.564	0.564	0.0
leviticus	146	7251	7500	7375.5	0.7131805434677497	250	0.484	0.332	0.596	0.596	0.0
leviticus	147	7301	7550	7425.5	0.7180156657963447	250	0.532	0.356	0.572	0.572	0.0
leviticus	148	7351	7600	7475.5	0.7228507881249395	250	0.552	0.368	0.676	0.676	0.0
leviticus	149	7401	7650	7525.5	0.7276859104535345	250	0.6	0.4	0.712	0.712	0.0
leviticus	150	7451	7700	7575.5	0.7325210327821294	250	0.608	0.416	0.724	0.724	0.0
leviticus	151	7501	7750	7625.5	0.7373561551107243	250	0.62	0.428	0.712	0.712	0.0
leviticus	152	7551	7800	7675.5	0.7421912774393192	250	0.532	0.368	0.632	0.632	0.0
leviticus	153	7601	7850	7725.5	0.7470263997679141	250	0.524	0.368	0.552	0.552	0.0
leviticus	154	7651	7900	7775.5	0.751861522096509	250	0.48	0.34	0.508	0.508	0.0
leviticus	155	7701	7950	7825.5	0.756696644425104	250	0.48	0.324	0.5	0.5	0.0
leviticus	156	7751	8000	7875.5	0.7615317667536988	250	0.476	0.328	0.54	0.54	0.0
leviticus	157	7801	8050	7925.5	0.7663668890822938	250	0.548	0.376	0.616	0.616	0.0
leviticus	158	7851	8100	7975.5	0.7712020114108887	250	0.56	0.38	0.592	0.592	0.0
leviticus	159	7901	8150	8025.5	0.7760371337394836	250	0.568	0.384	0.624	0.624	0.0
leviticus	160	7951	8200	8075.5	0.7808722560680785	250	0.604	0.416	0.744	0.744	0.0
leviticus	161	8001	8250	8125.5	0.7857073783966735	250	0.62	0.436	0.78	0.78	0.0
leviticus	162	8051	8300	8175.5	0.7905425007252683	250	0.616	0.432	0.804	0.804	0.0
leviticus	163	8101	8350	8225.5	0.7953776230538633	250	0.616	0.436	0.852	0.852	0.0
leviticus	164	8151	8400	8275.5	0.8002127453824581	250	0.628	0.436	0.82	0.82	0.0
leviticus	165	8201	8450	8325.5	0.8050478677110531	250	0.628	0.424	0.692	0.692	0.0
leviticus	166	8251	8500	8375.5	0.809882990039648	250	0.628	0.424	0.692	0.692	0.0
leviticus	167	8301	8550	8425.5	0.8147181123682429	250	0.632	0.432	0.68	0.68	0.0
leviticus	168	8351	8600	8475.5	0.8195532346968378	250	0.584	0.396	0.592	0.592	0.0
leviticus	169	8401	8650	8525.5	0.8243883570254328	250	0.556	0.384	0.54	0.54	0.0
leviticus	170	8451	8700	8575.5	0.8292234793540276	250	0.528	0.36	0.516	0.516	0.0
leviticus	171	8501	8750	8625.5	0.8340586016826226	250	0.552	0.368	0.512	0.512	0.0
leviticus	172	8551	8800	8675.5	0.8388937240112175	250	0.552	0.364	0.488	0.488	0.0
leviticus	173	8601	8850	8725.5	0.8437288463398124	250	0.62	0.416	0.58	0.58	0.0
leviticus	174	8651	8900	8775.5	0.8485639686684073	250	0.664	0.444	0.696	0.696	0.0
leviticus	175	8701	8950	8825.5	0.8533990909970022	250	0.688	0.476	0.744	0.744	0.0
leviticus	176	8751	9000	8875.5	0.8582342133255971	250	0.676	0.456	0.72	0.72	0.0
leviticus	177	8801	9050	8925.5	0.8630693356541921	250	0.656	0.448	0.728	0.728	0.0
leviticus	178	8851	9100	8975.5	0.8679044579827869	250	0.636	0.432	0.688	0.688	0.0
leviticus	179	8901	9150	9025.5	0.8727395803113819	250	0.62	0.428	0.612	0.612	0.0
leviticus	180	8951	9200	9075.5	0.8775747026399768	250	0.6	0.42	0.632	0.632	0.0
leviticus	181	9001	9250	9125.5	0.8824098249685717	250	0.576	0.4	0.576	0.576	0.0
leviticus	182	9051	9300	9175.5	0.8872449472971666	250	0.568	0.396	0.604	0.604	0.0
leviticus	183	9101	9350	9225.5	0.8920800696257616	250	0.556	0.392	0.752	0.752	0.0
leviticus	184	9151	9400	9275.5	0.8969151919543564	250	0.556	0.38	0.74	0.74	0.0
leviticus	185	9201	9450	9325.5	0.9017503142829514	250	0.536	0.36	0.708	0.708	0.0
leviticus	186	9251	9500	9375.5	0.9065854366115462	250	0.544	0.384	0.872	0.872	0.0
leviticus	187	9301	9550	9425.5	0.9114205589401412	250	0.576	0.42	1.216	1.216	0.0
leviticus	188	9351	9600	9475.5	0.9162556812687361	250	0.576	0.44	1.252	1.252	0.0
leviticus	189	9401	9650	9525.5	0.921090803597331	250	0.544	0.444	1.528	1.528	0.0
leviticus	190	9451	9700	9575.5	0.9259259259259259	250	0.56	0.472	1.832	1.832	0.0
leviticus	191	9501	9750	9625.5	0.9307610482545209	250	0.572	0.496	2.1	2.1	0.0
leviticus	192	9551	9800	9675.5	0.9355961705831157	250	0.576	0.484	1.86	1.86	0.0
leviticus	193	9601	9850	9725.5	0.9404312929117107	250	0.58	0.464	1.748	1.748	0.0
leviticus	194	9651	9900	9775.5	0.9452664152403056	250	0.608	0.468	1.556	1.556	0.0
leviticus	195	9701	9950	9825.5	0.9501015375689005	250	0.64	0.48	1.316	1.316	0.0
leviticus	196	9751	10000	9875.5	0.9549366598974954	250	0.668	0.488	1.1	1.1	0.0
leviticus	197	9801	10050	9925.5	0.9597717822260903	250	0.656	0.48	1.068	1.068	0.0
leviticus	198	9851	10100	9975.5	0.9646069045546852	250	0.652	0.472	0.988	0.988	0.0
leviticus	199	9901	10150	10025.5	0.9694420268832802	250	0.624	0.464	0.912	0.912	0.0
leviticus	200	9951	10200	10075.5	0.974277149211875	250	0.6	0.436	0.856	0.856	0.0
leviticus	201	10001	10250	10125.5	0.97911227154047	250	0.58	0.404	0.676	0.676	0.0
leviticus	202	10051	10300	10175.5	0.9839473938690649	250	0.612	0.42	0.6	0.6	0.0
leviticus	203	10092	10341	10216.5	0.9879121941785127	250	0.592	0.416	0.58	0.58	0.0
numbers	1	1	250	125.5	0.008637965586345104	250	0.476	0.348	0.512	0.512	0.0
numbers	2	51	300	175.5	0.012093151820883146	250	0.484	0.376	0.516	0.516	0.0
numbers	3	101	350	225.5	0.015548338055421187	250	0.46	0.368	0.492	0.492	0.0
numbers	4	151	400	275.5	0.019003524289959228	250	0.444	0.364	0.448	0.448	0.0
numbers	5	201	450	325.5	0.022458710524497272	250	0.44	0.356	0.428	0.428	0.0
numbers	6	251	500	375.5	0.025913896759035313	250	0.456	0.348	0.448	0.448	0.0
numbers	7	301	550	425.5	0.029369082993573353	250	0.496	0.368	0.472	0.472	0.0
numbers	8	351	600	475.5	0.032824269228111394	250	0.548	0.376	0.48	0.48	0.0
numbers	9	401	650	525.5	0.036279455462649435	250	0.612	0.408	0.532	0.532	0.0
numbers	10	451	700	575.5	0.039734641697187476	250	0.672	0.46	0.644	0.644	0.0
numbers	11	501	750	625.5	0.04318982793172552	250	0.704	0.484	0.624	0.624	0.0
numbers	12	551	800	675.5	0.046645014166263564	250	0.712	0.488	0.636	0.636	0.0
numbers	13	601	850	725.5	0.050100200400801605	250	0.712	0.52	0.696	0.696	0.0
numbers	14	651	900	775.5	0.053555386635339645	250	0.704	0.512	0.696	0.696	0.0
numbers	15	701	950	825.5	0.057010572869877686	250	0.708	0.484	0.62	0.62	0.0
numbers	16	751	1000	875.5	0.06046575910441573	250	0.676	0.48	0.648	0.648	0.0
numbers	17	801	1050	925.5	0.06392094533895377	250	0.676	0.48	0.688	0.688	0.0
numbers	18	851	1100	975.5	0.06737613157349182	250	0.66	0.452	0.656	0.656	0.0
numbers	19	901	1150	1025.5	0.07083131780802986	250	0.612	0.42	0.612	0.612	0.0
numbers	20	951	1200	1075.5	0.0742865040425679	250	0.564	0.396	0.576	0.576	0.0
numbers	21	1001	1250	1125.5	0.07774169027710594	250	0.58	0.392	0.6	0.6	0.0
numbers	22	1051	1300	1175.5	0.08119687651164398	250	0.584	0.404	0.568	0.568	0.0
numbers	23	1101	1350	1225.5	0.08465206274618202	250	0.584	0.404	0.628	0.628	0.0
numbers	24	1151	1400	1275.5	0.08810724898072006	250	0.588	0.416	0.668	0.668	0.0
numbers	25	1201	1450	1325.5	0.0915624352152581	250	0.596	0.4	0.64	0.64	0.0
numbers	26	1251	1500	1375.5	0.09501762144979614	250	0.576	0.4	0.6	0.6	0.0
numbers	27	1301	1550	1425.5	0.09847280768433418	250	0.568	0.38	0.588	0.588	0.0
numbers	28	1351	1600	1475.5	0.10192799391887222	250	0.544	0.368	0.528	0.528	0.0
numbers	29	1401	1650	1525.5	0.10538318015341026	250	0.508	0.332	0.448	0.448	0.0
numbers	30	1451	1700	1575.5	0.1088383663879483	250	0.512	0.352	0.48	0.48	0.0
numbers	31	1501	1750	1625.5	0.11229355262248636	250	0.556	0.372	0.564	0.564	0.0
numbers	32	1551	1800	1675.5	0.1157487388570244	250	0.548	0.376	0.6	0.6	0.0
numbers	33	1601	1850	1725.5	0.11920392509156244	250	0.596	0.392	0.596	0.596	0.0
numbers	34	1651	1900	1775.5	0.12265911132610048	250	0.644	0.428	0.66	0.66	0.0
numbers	35	1701	1950	1825.5	0.12611429756063852	250	0.636	0.436	0.688	0.688	0.0
numbers	36	1751	2000	1875.5	0.12956948379517655	250	0.604	0.396	0.58	0.58	0.0
numbers	37	1801	2050	1925.5	0.1330246700297146	250	0.592	0.392	0.568	0.568	0.0
numbers	38	1851	2100	1975.5	0.13647985626425263	250	0.568	0.396	0.592	0.592	0.0
numbers	39	1901	2150	2025.5	0.13993504249879068	250	0.58	0.392	0.564	0.564	0.0
numbers	40	1951	2200	2075.5	0.14339022873332874	250	0.592	0.392	0.548	0.548	0.0
numbers	41	2001	2250	2125.5	0.14684541496786677	250	0.628	0.428	0.6	0.6	0.0
numbers	42	2051	2300	2175.5	0.15030060120240482	250	0.62	0.416	0.576	0.576	0.0
numbers	43	2101	2350	2225.5	0.15375578743694285	250	0.624	0.42	0.6	0.6	0.0
numbers	44	2151	2400	2275.5	0.1572109736714809	250	0.608	0.412	0.584	0.584	0.0
numbers	45	2201	2450	2325.5	0.16066615990601893	250	0.588	0.404	0.588	0.588	0.0
numbers	46	2251	2500	2375.5	0.16412134614055698	250	0.532	0.368	0.532	0.532	0.0
numbers	47	2301	2550	2425.5	0.167576532375095	250	0.54	0.36	0.496	0.496	0.0
numbers	48	2351	2600	2475.5	0.17103171860963307	250	0.524	0.332	0.42	0.42	0.0
numbers	49	2401	2650	2525.5	0.1744869048441711	250	0.512	0.328	0.42	0.42	0.0
numbers	50	2451	2700	2575.5	0.17794209107870915	250	0.532	0.336	0.432	0.432	0.0
numbers	51	2501	2750	2625.5	0.18139727731324717	250	0.572	0.364	0.504	0.504	0.0
numbers	52	2551	2800	2675.5	0.18485246354778523	250	0.6	0.392	0.564	0.564	0.0
numbers	53	2601	2850	2725.5	0.18830764978232326	250	0.616	0.404	0.564	0.564	0.0
numbers	54	2651	2900	2775.5	0.1917628360168613	250	0.636	0.432	0.648	0.648	0.0
numbers	55	2701	2950	2825.5	0.19521802225139934	250	0.616	0.436	0.68	0.68	0.0
numbers	56	2751	3000	2875.5	0.1986732084859374	250	0.612	0.44	0.692	0.692	0.0
numbers	57	2801	3050	2925.5	0.20212839472047545	250	0.572	0.416	0.648	0.648	0.0
numbers	58	2851	3100	2975.5	0.20558358095501347	250	0.556	0.408	0.676	0.676	0.0
numbers	59	2901	3150	3025.5	0.20903876718955153	250	0.552	0.4	0.672	0.672	0.0
numbers	60	2951	3200	3075.5	0.21249395342408955	250	0.556	0.396	0.668	0.668	0.0
numbers	61	3001	3250	3125.5	0.2159491396586276	250	0.54	0.392	0.66	0.66	0.0
numbers	62	3051	3300	3175.5	0.21940432589316564	250	0.56	0.412	0.72	0.72	0.0
numbers	63	3101	3350	3225.5	0.2228595121277037	250	0.548	0.408	0.688	0.688	0.0
numbers	64	3151	3400	3275.5	0.22631469836224172	250	0.544	0.4	0.672	0.672	0.0
numbers	65	3201	3450	3325.5	0.22976988459677977	250	0.572	0.412	0.688	0.688	0.0
numbers	66	3251	3500	3375.5	0.2332250708313178	250	0.584	0.416	0.692	0.692	0.0
numbers	67	3301	3550	3425.5	0.23668025706585585	250	0.588	0.412	0.688	0.688	0.0
numbers	68	3351	3600	3475.5	0.24013544330039388	250	0.628	0.448	0.748	0.748	0.0
numbers	69	3401	3650	3525.5	0.24359062953493194	250	0.644	0.468	0.972	0.972	0.0
numbers	70	3451	3700	3575.5	0.24704581576946996	250	0.624	0.452	0.94	0.94	0.0
numbers	71	3501	3750	3625.5	0.250501002004008	250	0.608	0.428	0.876	0.876	0.0
numbers	72	3551	3800	3675.5	0.25395618823854604	250	0.624	0.444	0.916	0.916	0.0
numbers	73	3601	3850	3725.5	0.2574113744730841	250	0.604	0.436	0.932	0.932	0.0
numbers	74	3651	3900	3775.5	0.26086656070762215	250	0.604	0.436	0.768	0.768	0.0
numbers	75	3701	3950	3825.5	0.2643217469421602	250	0.632	0.464	0.772	0.772	0.0
numbers	76	3751	4000	3875.5	0.2677769331766982	250	0.648	0.464	0.756	0.756	0.0
numbers	77	3801	4050	3925.5	0.27123211941123626	250	0.6	0.424	0.644	0.644	0.0
numbers	78	3851	4100	3975.5	0.2746873056457743	250	0.58	0.388	0.548	0.548	0.0
numbers	79	3901	4150	4025.5	0.27814249188031237	250	0.548	0.348	0.408	0.408	0.0
numbers	80	3951	4200	4075.5	0.28159767811485037	250	0.552	0.332	0.416	0.416	0.0
numbers	81	4001	4250	4125.5	0.2850528643493884	250	0.584	0.384	0.552	0.552	0.0
numbers	82	4051	4300	4175.5	0.2885080505839265	250	0.596	0.388	0.6	0.6	0.0
numbers	83	4101	4350	4225.5	0.29196323681846453	250	0.62	0.424	0.696	0.696	0.0
numbers	84	4151	4400	4275.5	0.29541842305300253	250	0.668	0.48	1.172	1.172	0.0
numbers	85	4201	4450	4325.5	0.2988736092875406	250	0.648	0.472	1.152	1.152	0.0
numbers	86	4251	4500	4375.5	0.30232879552207864	250	0.576	0.412	1.012	1.012	0.0
numbers	87	4301	4550	4425.5	0.3057839817566167	250	0.572	0.412	0.976	0.976	0.0
numbers	88	4351	4600	4475.5	0.30923916799115475	250	0.576	0.4	0.928	0.928	0.0
numbers	89	4401	4650	4525.5	0.31269435422569275	250	0.54	0.368	0.52	0.52	0.0
numbers	90	4451	4700	4575.5	0.3161495404602308	250	0.48	0.328	0.452	0.452	0.0
numbers	91	4501	4750	4625.5	0.31960472669476886	250	0.476	0.3	0.416	0.416	0.0
numbers	92	4551	4800	4675.5	0.3230599129293069	250	0.456	0.288	0.38	0.38	0.0
numbers	93	4601	4850	4725.5	0.3265150991638449	250	0.44	0.28	0.396	0.396	0.0
numbers	94	4651	4900	4775.5	0.32997028539838297	250	0.448	0.284	0.436	0.436	0.0
numbers	95	4701	4950	4825.5	0.333425471632921	250	0.496	0.308	0.48	0.48	0.0
numbers	96	4751	5000	4875.5	0.3368806578674591	250	0.54	0.364	0.572	0.572	0.0
numbers	97	4801	5050	4925.5	0.3403358441019971	250	0.568	0.384	0.616	0.616	0.0
numbers	98	4851	5100	4975.5	0.34379103033653513	250	0.552	0.372	0.584	0.584	0.0
numbers	99	4901	5150	5025.5	0.3472462165710732	250	0.568	0.372	0.564	0.564	0.0
numbers	100	4951	5200	5075.5	0.35070140280561124	250	0.544	0.368	0.532	0.532	0.0
numbers	101	5001	5250	5125.5	0.35415658904014924	250	0.528	0.34	0.476	0.476	0.0
numbers	102	5051	5300	5175.5	0.3576117752746873	250	0.528	0.336	0.472	0.472	0.0
numbers	103	5101	5350	5225.5	0.36106696150922535	250	0.524	0.332	0.524	0.524	0.0
numbers	104	5151	5400	5275.5	0.3645221477437634	250	0.504	0.32	0.532	0.532	0.0
numbers	105	5201	5450	5325.5	0.36797733397830146	250	0.544	0.344	0.608	0.608	0.0
numbers	106	5251	5500	5375.5	0.37143252021283946	250	0.572	0.376	0.664	0.664	0.0
numbers	107	5301	5550	5425.5	0.3748877064473775	250	0.54	0.356	0.64	0.64	0.0
numbers	108	5351	5600	5475.5	0.37834289268191557	250	0.552	0.364	0.58	0.58	0.0
numbers	109	5401	5650	5525.5	0.3817980789164536	250	0.512	0.34	0.492	0.492	0.0
numbers	110	5451	5700	5575.5	0.3852532651509916	250	0.488	0.316	0.424	0.424	0.0
numbers	111	5501	5750	5625.5	0.3887084513855297	250	0.444	0.284	0.372	0.372	0.0
numbers	112	5551	5800	5675.5	0.39216363762006773	250	0.492	0.312	0.396	0.396	0.0
numbers	113	5601	5850	5725.5	0.3956188238546058	250	0.472	0.292	0.364	0.364	0.0
numbers	114	5651	5900	5775.5	0.3990740100891438	250	0.48	0.296	0.36	0.36	0.0
numbers	115	5701	5950	5825.5	0.40252919632368184	250	0.476	0.296	0.368	0.368	0.0
numbers	116	5751	6000	5875.5	0.4059843825582199	250	0.504	0.328	0.544	0.544	0.0
numbers	117	5801	6050	5925.5	0.40943956879275795	250	0.5	0.344	0.656	0.656	0.0
numbers	118	5851	6100	5975.5	0.41289475502729595	250	0.492	0.344	0.664	0.664	0.0
numbers	119	5901	6150	6025.5	0.416349941261834	250	0.512	0.372	0.744	0.744	0.0
numbers	120	5951	6200	6075.5	0.41980512749637205	250	0.528	0.384	0.78	0.78	0.0
numbers	121	6001	6250	6125.5	0.4232603137309101	250	0.524	0.364	0.6	0.6	0.0
numbers	122	6051	6300	6175.5	0.42671549996544816	250	0.54	0.364	0.552	0.552	0.0
numbers	123	6101	6350	6225.5	0.43017068619998616	250	0.6	0.424	0.72	0.72	0.0
numbers	124	6151	6400	6275.5	0.4336258724345242	250	0.616	0.412	0.664	0.664	0.0
numbers	125	6201	6450	6325.5	0.4370810586690623	250	0.628	0.432	0.68	0.68	0.0
numbers	126	6251	6500	6375.5	0.4405362449036003	250	0.648	0.44	0.704	0.704	0.0
numbers	127	6301	6550	6425.5	0.4439914311381383	250	0.64	0.424	0.644	0.644	0.0
numbers	128	6351	6600	6475.5	0.4474466173726764	250	0.62	0.42	0.84	0.84	0.0
numbers	129	6401	6650	6525.5	0.45090180360721444	250	0.628	0.428	0.884	0.884	0.0
numbers	130	6451	6700	6575.5	0.4543569898417525	250	0.62	0.416	0.856	0.856	0.0
numbers	131	6501	6750	6625.5	0.4578121760762905	250	0.576	0.384	0.824	0.824	0.0
numbers	132	6551	6800	6675.5	0.46126736231082854	250	0.572	0.388	0.848	0.848	0.0
numbers	133	6601	6850	6725.5	0.4647225485453666	250	0.596	0.388	0.576	0.576	0.0
numbers	134	6651	6900	6775.5	0.46817773477990465	250	0.58	0.384	0.524	0.524	0.0
numbers	135	6701	6950	6825.5	0.47163292101444265	250	0.6	0.404	0.564	0.564	0.0
numbers	136	6751	7000	6875.5	0.4750881072489807	250	0.62	0.44	0.652	0.652	0.0
numbers	137	6801	7050	6925.5	0.47854329348351876	250	0.58	0.404	0.58	0.58	0.0
numbers	138	6851	7100	6975.5	0.4819984797180568	250	0.564	0.38	0.516	0.516	0.0
numbers	139	6901	7150	7025.5	0.48545366595259487	250	0.532	0.364	0.508	0.508	0.0
numbers	140	6951	7200	7075.5	0.48890885218713287	250	0.476	0.32	0.44	0.44	0.0
numbers	141	7001	7250	7125.5	0.4923640384216709	250	0.476	0.304	0.368	0.368	0.0
numbers	142	7051	7300	7175.5	0.495819224656209	250	0.504	0.328	0.412	0.412	0.0
numbers	143	7101	7350	7225.5	0.49927441089074703	250	0.468	0.308	0.38	0.38	0.0
numbers	144	7151	7400	7275.5	0.5027295971252851	250	0.52	0.328	0.404	0.404	0.0
numbers	145	7201	7450	7325.5	0.5061847833598231	250	0.556	0.356	0.444	0.444	0.0
numbers	146	7251	7500	7375.5	0.5096399695943611	250	0.544	0.348	0.456	0.456	0.0
numbers	147	7301	7550	7425.5	0.5130951558288992	250	0.544	0.38	0.524	0.524	0.0
numbers	148	7351	7600	7475.5	0.5165503420634372	250	0.572	0.4	0.58	0.58	0.0
numbers	149	7401	7650	7525.5	0.5200055282979753	250	0.544	0.388	0.576	0.576	0.0
numbers	150	7451	7700	7575.5	0.5234607145325133	250	0.548	0.396	0.608	0.608	0.0
numbers	151	7501	7750	7625.5	0.5269159007670513	250	0.576	0.436	0.7	0.7	0.0
numbers	152	7551	7800	7675.5	0.5303710870015894	250	0.588	0.436	0.756	0.756	0.0
numbers	153	7601	7850	7725.5	0.5338262732361274	250	0.58	0.424	0.772	0.772	0.0
numbers	154	7651	7900	7775.5	0.5372814594706655	250	0.572	0.42	0.832	0.832	0.0
numbers	155	7701	7950	7825.5	0.5407366457052035	250	0.56	0.4	0.768	0.768	0.0
numbers	156	7751	8000	7875.5	0.5441918319397415	250	0.532	0.364	0.672	0.672	0.0
numbers	157	7801	8050	7925.5	0.5476470181742796	250	0.484	0.304	0.512	0.512	0.0
numbers	158	7851	8100	7975.5	0.5511022044088176	250	0.46	0.288	0.448	0.448	0.0
numbers	159	7901	8150	8025.5	0.5545573906433556	250	0.476	0.304	0.42	0.42	0.0
numbers	160	7951	8200	8075.5	0.5580125768778937	250	0.456	0.28	0.384	0.384	0.0
numbers	161	8001	8250	8125.5	0.5614677631124317	250	0.468	0.292	0.4	0.4	0.0
numbers	162	8051	8300	8175.5	0.5649229493469698	250	0.448	0.284	0.388	0.388	0.0
numbers	163	8101	8350	8225.5	0.5683781355815078	250	0.46	0.296	0.396	0.396	0.0
numbers	164	8151	8400	8275.5	0.5718333218160458	250	0.436	0.272	0.344	0.344	0.0
numbers	165	8201	8450	8325.5	0.575288508050584	250	0.444	0.296	0.4	0.4	0.0
numbers	166	8251	8500	8375.5	0.578743694285122	250	0.436	0.3	0.428	0.428	0.0
numbers	167	8301	8550	8425.5	0.58219888051966	250	0.472	0.32	0.456	0.456	0.0
numbers	168	8351	8600	8475.5	0.5856540667541981	250	0.48	0.324	0.46	0.46	0.0
numbers	169	8401	8650	8525.5	0.5891092529887361	250	0.54	0.364	0.504	0.504	0.0
numbers	170	8451	8700	8575.5	0.5925644392232742	250	0.548	0.364	0.496	0.496	0.0
numbers	171	8501	8750	8625.5	0.5960196254578122	250	0.56	0.356	0.452	0.452	0.0
numbers	172	8551	8800	8675.5	0.5994748116923502	250	0.56	0.376	0.548	0.548	0.0
numbers	173	8601	8850	8725.5	0.6029299979268883	250	0.552	0.376	0.608	0.608	0.0
numbers	174	8651	8900	8775.5	0.6063851841614263	250	0.496	0.332	0.548	0.548	0.0
numbers	175	8701	8950	8825.5	0.6098403703959644	250	0.46	0.32	0.548	0.548	0.0
numbers	176	8751	9000	8875.5	0.6132955566305024	250	0.42	0.284	0.5	0.5	0.0
numbers	177	8801	9050	8925.5	0.6167507428650404	250	0.404	0.268	0.404	0.404	0.0
numbers	178	8851	9100	8975.5	0.6202059290995785	250	0.428	0.276	0.348	0.348	0.0
numbers	179	8901	9150	9025.5	0.6236611153341165	250	0.42	0.268	0.34	0.34	0.0
numbers	180	8951	9200	9075.5	0.6271163015686545	250	0.456	0.272	0.312	0.312	0.0
numbers	181	9001	9250	9125.5	0.6305714878031926	250	0.472	0.3	0.36	0.36	0.0
numbers	182	9051	9300	9175.5	0.6340266740377306	250	0.48	0.308	0.376	0.376	0.0
numbers	183	9101	9350	9225.5	0.6374818602722687	250	0.46	0.296	0.364	0.364	0.0
numbers	184	9151	9400	9275.5	0.6409370465068067	250	0.5	0.332	0.428	0.428	0.0
numbers	185	9201	9450	9325.5	0.6443922327413447	250	0.516	0.356	0.476	0.476	0.0
numbers	186	9251	9500	9375.5	0.6478474189758828	250	0.552	0.384	0.536	0.536	0.0
numbers	187	9301	9550	9425.5	0.6513026052104208	250	0.56	0.384	0.54	0.54	0.0
numbers	188	9351	9600	9475.5	0.6547577914449589	250	0.54	0.372	0.532	0.532	0.0
numbers	189	9401	9650	9525.5	0.6582129776794969	250	0.492	0.336	0.48	0.48	0.0
numbers	190	9451	9700	9575.5	0.6616681639140349	250	0.484	0.328	0.488	0.488	0.0
numbers	191	9501	9750	9625.5	0.665123350148573	250	0.448	0.3	0.428	0.428	0.0
numbers	192	9551	9800	9675.5	0.668578536383111	250	0.456	0.308	0.432	0.432	0.0
numbers	193	9601	9850	9725.5	0.672033722617649	250	0.492	0.344	0.496	0.496	0.0
numbers	194	9651	9900	9775.5	0.6754889088521872	250	0.508	0.368	0.556	0.556	0.0
numbers	195	9701	9950	9825.5	0.6789440950867252	250	0.484	0.34	0.5	0.5	0.0
numbers	196	9751	10000	9875.5	0.6823992813212633	250	0.492	0.332	0.488	0.488	0.0
numbers	197	9801	10050	9925.5	0.6858544675558013	250	0.516	0.336	0.484	0.484	0.0
numbers	198	9851	10100	9975.5	0.6893096537903393	250	0.504	0.32	0.448	0.448	0.0
numbers	199	9901	10150	10025.5	0.6927648400248774	250	0.524	0.336	0.448	0.448	0.0
numbers	200	9951	10200	10075.5	0.6962200262594154	250	0.532	0.34	0.444	0.444	0.0
numbers	201	10001	10250	10125.5	0.6996752124939534	250	0.548	0.364	0.468	0.468	0.0
numbers	202	10051	10300	10175.5	0.7031303987284915	250	0.548	0.356	0.488	0.488	0.0
numbers	203	10101	10350	10225.5	0.7065855849630295	250	0.58	0.384	0.536	0.536	0.0
numbers	204	10151	10400	10275.5	0.7100407711975676	250	0.572	0.368	0.508	0.508	0.0
numbers	205	10201	10450	10325.5	0.7134959574321056	250	0.596	0.4	0.68	0.68	0.0
numbers	206	10251	10500	10375.5	0.7169511436666436	250	0.588	0.392	0.7	0.7	0.0
numbers	207	10301	10550	10425.5	0.7204063299011817	250	0.588	0.416	0.708	0.708	0.0
numbers	208	10351	10600	10475.5	0.7238615161357197	250	0.564	0.396	0.724	0.724	0.0
numbers	209	10401	10650	10525.5	0.7273167023702578	250	0.608	0.44	0.86	0.86	0.0
numbers	210	10451	10700	10575.5	0.7307718886047958	250	0.648	0.468	0.812	0.812	0.0
numbers	211	10501	10750	10625.5	0.7342270748393338	250	0.676	0.492	0.828	0.828	0.0
numbers	212	10551	10800	10675.5	0.7376822610738719	250	0.688	0.5	0.908	0.908	0.0
numbers	213	10601	10850	10725.5	0.7411374473084099	250	0.696	0.492	0.86	0.86	0.0
numbers	214	10651	10900	10775.5	0.7445926335429479	250	0.688	0.48	0.776	0.776	0.0
numbers	215	10701	10950	10825.5	0.748047819777486	250	0.636	0.428	0.672	0.672	0.0
numbers	216	10751	11000	10875.5	0.751503006012024	250	0.644	0.428	0.664	0.664	0.0
numbers	217	10801	11050	10925.5	0.7549581922465621	250	0.612	0.4	0.596	0.596	0.0
numbers	218	10851	11100	10975.5	0.7584133784811001	250	0.6	0.408	0.624	0.624	0.0
numbers	219	10901	11150	11025.5	0.7618685647156381	250	0.6	0.388	0.592	0.592	0.0
numbers	220	10951	11200	11075.5	0.7653237509501762	250	0.592	0.396	0.604	0.604	0.0
numbers	221	11001	11250	11125.5	0.7687789371847142	250	0.548	0.356	0.544	0.544	0.0
numbers	222	11051	11300	11175.5	0.7722341234192523	250	0.592	0.396	0.592	0.592	0.0
numbers	223	11101	11350	11225.5	0.7756893096537903	250	0.592	0.388	0.564	0.564	0.0
numbers	224	11151	11400	11275.5	0.7791444958883283	250	0.58	0.388	0.584	0.584	0.0
numbers	225	11201	11450	11325.5	0.7825996821228665	250	0.624	0.416	0.648	0.648	0.0
numbers	226	11251	11500	11375.5	0.7860548683574045	250	0.672	0.464	0.78	0.78	0.0
numbers	227	11301	11550	11425.5	0.7895100545919425	250	0.652	0.44	0.788	0.788	0.0
numbers	228	11351	11600	11475.5	0.7929652408264806	250	0.68	0.464	0.824	0.824	0.0
numbers	229	11401	11650	11525.5	0.7964204270610186	250	0.676	0.472	0.876	0.876	0.0
numbers	230	11451	11700	11575.5	0.7998756132955567	250	0.672	0.492	1.036	1.036	0.0
numbers	231	11501	11750	11625.5	0.8033307995300947	250	0.652	0.484	1.084	1.084	0.0
numbers	232	11551	11800	11675.5	0.8067859857646327	250	0.644	0.484	1.156	1.156	0.0
numbers	233	11601	11850	11725.5	0.8102411719991708	250	0.62	0.468	1.2	1.2	0.0
numbers	234	11651	11900	11775.5	0.8136963582337088	250	0.652	0.484	1.216	1.216	0.0
numbers	235	11701	11950	11825.5	0.8171515444682469	250	0.636	0.46	1.028	1.028	0.0
numbers	236	11751	12000	11875.5	0.8206067307027849	250	0.64	0.476	1.068	1.068	0.0
numbers	237	11801	12050	11925.5	0.8240619169373229	250	0.636	0.48	1.072	1.072	0.0
numbers	238	11851	12100	11975.5	0.827517103171861	250	0.68	0.516	1.132	1.132	0.0
numbers	239	11901	12150	12025.5	0.830972289406399	250	0.648	0.488	1.016	1.016	0.0
numbers	240	11951	12200	12075.5	0.834427475640937	250	0.636	0.484	1.036	1.036	0.0
numbers	241	12001	12250	12125.5	0.8378826618754751	250	0.632	0.46	0.928	0.928	0.0
numbers	242	12051	12300	12175.5	0.8413378481100131	250	0.6	0.42	0.736	0.736	0.0
numbers	243	12101	12350	12225.5	0.8447930343445512	250	0.52	0.348	0.544	0.544	0.0
numbers	244	12151	12400	12275.5	0.8482482205790892	250	0.516	0.348	0.552	0.552	0.0
numbers	245	12201	12450	12325.5	0.8517034068136272	250	0.516	0.344	0.512	0.512	0.0
numbers	246	12251	12500	12375.5	0.8551585930481653	250	0.552	0.364	0.544	0.544	0.0
numbers	247	12301	12550	12425.5	0.8586137792827033	250	0.616	0.42	0.684	0.684	0.0
numbers	248	12351	12600	12475.5	0.8620689655172413	250	0.7	0.496	0.844	0.844	0.0
numbers	249	12401	12650	12525.5	0.8655241517517794	250	0.672	0.476	0.828	0.828	0.0
numbers	250	12451	12700	12575.5	0.8689793379863174	250	0.684	0.48	0.856	0.856	0.0
numbers	251	12501	12750	12625.5	0.8724345242208555	250	0.62	0.436	0.728	0.728	0.0
numbers	252	12551	12800	12675.5	0.8758897104553935	250	0.528	0.368	0.58	0.58	0.0
numbers	253	12601	12850	12725.5	0.8793448966899315	250	0.452	0.292	0.416	0.416	0.0
numbers	254	12651	12900	12775.5	0.8828000829244697	250	0.484	0.316	0.472	0.472	0.0
numbers	255	12701	12950	12825.5	0.8862552691590077	250	0.464	0.3	0.424	0.424	0.0
numbers	256	12751	13000	12875.5	0.8897104553935458	250	0.488	0.312	0.508	0.508	0.0
numbers	257	12801	13050	12925.5	0.8931656416280838	250	0.556	0.356	0.576	0.576	0.0
numbers	258	12851	13100	12975.5	0.8966208278626218	250	0.612	0.408	0.64	0.64	0.0
numbers	259	12901	13150	13025.5	0.9000760140971599	250	0.612	0.42	0.648	0.648	0.0
numbers	260	12951	13200	13075.5	0.9035312003316979	250	0.604	0.396	0.624	0.624	0.0
numbers	261	13001	13250	13125.5	0.9069863865662359	250	0.608	0.416	0.584	0.584	0.0
numbers	262	13051	13300	13175.5	0.910441572800774	250	0.66	0.472	0.74	0.74	0.0
numbers	263	13101	13350	13225.5	0.913896759035312	250	0.72	0.524	1.06	1.06	0.0
numbers	264	13151	13400	13275.5	0.9173519452698501	250	0.768	0.556	1.244	1.244	0.0
numbers	265	13201	13450	13325.5	0.9208071315043881	250	0.792	0.58	1.276	1.276	0.0
numbers	266	13251	13500	13375.5	0.9242623177389261	250	0.832	0.608	1.42	1.42	0.0
numbers	267	13301	13550	13425.5	0.9277175039734642	250	0.78	0.56	1.308	1.308	0.0
numbers	268	13351	13600	13475.5	0.9311726902080022	250	0.7	0.508	1.112	1.112	0.0
numbers	269	13401	13650	13525.5	0.9346278764425403	250	0.648	0.46	0.908	0.908	0.0
numbers	270	13451	13700	13575.5	0.9380830626770783	250	0.664	0.488	0.996	0.996	0.0
numbers	271	13501	13750	13625.5	0.9415382489116163	250	0.608	0.432	0.816	0.816	0.0
numbers	272	13551	13800	13675.5	0.9449934351461544	250	0.604	0.412	0.752	0.752	0.0
numbers	273	13601	13850	13725.5	0.9484486213806924	250	0.636	0.448	0.78	0.78	0.0
numbers	274	13651	13900	13775.5	0.9519038076152304	250	0.644	0.468	0.844	0.844	0.0
numbers	275	13701	13950	13825.5	0.9553589938497685	250	0.66	0.48	0.9	0.9	0.0
numbers	276	13751	14000	13875.5	0.9588141800843065	250	0.656	0.488	0.944	0.944	0.0
numbers	277	13801	14050	13925.5	0.9622693663188446	250	0.664	0.504	0.944	0.944	0.0
numbers	278	13851	14100	13975.5	0.9657245525533826	250	0.64	0.476	0.82	0.82	0.0
numbers	279	13901	14150	14025.5	0.9691797387879206	250	0.612	0.444	0.716	0.716	0.0
numbers	280	13951	14200	14075.5	0.9726349250224587	250	0.56	0.404	0.58	0.58	0.0
numbers	281	14001	14250	14125.5	0.9760901112569967	250	0.576	0.396	0.536	0.536	0.0
numbers	282	14051	14300	14175.5	0.9795452974915347	250	0.592	0.408	0.64	0.64	0.0
numbers	283	14101	14350	14225.5	0.9830004837260728	250	0.616	0.42	0.672	0.672	0.0
numbers	284	14151	14400	14275.5	0.9864556699606108	250	0.64	0.44	0.7	0.7	0.0
numbers	285	14201	14450	14325.5	0.989910856195149	250	0.656	0.456	0.72	0.72	0.0
numbers	286	14222	14471	14346.5	0.9913620344136549	250	0.632	0.46	0.724	0.724	0.0
deuteronomy	1	1	250	125.5	0.009830135262661214	250	0.56	0.4	0.976	0.976	0.0
deuteronomy	2	51	300	175.5	0.0137621893677257	250	0.588	0.424	1.016	1.016	0.0
deuteronomy	3	101	350	225.5	0.017694243472790184	250	0.58	0.424	1.016	1.016	0.0
deuteronomy	4	151	400	275.5	0.02162629757785467	250	0.592	0.42	0.948	0.948	0.0
deuteronomy	5	201	450	325.5	0.025558351682919155	250	0.564	0.38	0.7	0.7	0.0
deuteronomy	6	251	500	375.5	0.02949040578798364	250	0.512	0.34	0.648	0.648	0.0
deuteronomy	7	301	550	425.5	0.03342245989304813	250	0.484	0.32	0.648	0.648	0.0
deuteronomy	8	351	600	475.5	0.03735451399811261	250	0.5	0.344	0.756	0.756	0.0
deuteronomy	9	401	650	525.5	0.0412865681031771	250	0.496	0.352	0.744	0.744	0.0
deuteronomy	10	451	700	575.5	0.045218622208241584	250	0.516	0.352	0.604	0.604	0.0
deuteronomy	11	501	750	625.5	0.04915067631330607	250	0.56	0.396	0.772	0.772	0.0
deuteronomy	12	551	800	675.5	0.053082730418370555	250	0.596	0.424	0.804	0.804	0.0
deuteronomy	13	601	850	725.5	0.057014784523435044	250	0.62	0.416	0.744	0.744	0.0
deuteronomy	14	651	900	775.5	0.060946838628499526	250	0.592	0.396	0.7	0.7	0.0
deuteronomy	15	701	950	825.5	0.06487889273356401	250	0.544	0.364	0.664	0.664	0.0
deuteronomy	16	751	1000	875.5	0.0688109468386285	250	0.492	0.312	0.48	0.48	0.0
deuteronomy	17	801	1050	925.5	0.07274300094369299	250	0.48	0.296	0.444	0.444	0.0
deuteronomy	18	851	1100	975.5	0.07667505504875748	250	0.432	0.272	0.376	0.376	0.0
deuteronomy	19	901	1150	1025.5	0.08060710915382195	250	0.392	0.232	0.276	0.276	0.0
deuteronomy	20	951	1200	1075.5	0.08453916325888644	250	0.396	0.236	0.292	0.292	0.0
deuteronomy	21	1001	1250	1125.5	0.08847121736395093	250	0.416	0.248	0.308	0.308	0.0
deuteronomy	22	1051	1300	1175.5	0.09240327146901542	250	0.412	0.256	0.324	0.324	0.0
deuteronomy	23	1101	1350	1225.5	0.0963353255740799	250	0.444	0.292	0.62	0.62	0.0
deuteronomy	24	1151	1400	1275.5	0.10026737967914438	250	0.48	0.324	0.688	0.688	0.0
deuteronomy	25	1201	1450	1325.5	0.10419943378420887	250	0.5	0.332	0.688	0.688	0.0
deuteronomy	26	1251	1500	1375.5	0.10813148788927336	250	0.532	0.368	0.8	0.8	0.0
deuteronomy	27	1301	1550	1425.5	0.11206354199433784	250	0.532	0.388	0.868	0.868	0.0
deuteronomy	28	1351	1600	1475.5	0.11599559609940233	250	0.52	0.372	0.656	0.656	0.0
deuteronomy	29	1401	1650	1525.5	0.11992765020446682	250	0.568	0.4	0.696	0.696	0.0
deuteronomy	30	1451	1700	1575.5	0.1238597043095313	250	0.592	0.444	0.888	0.888	0.0
deuteronomy	31	1501	1750	1625.5	0.12779175841459578	250	0.576	0.424	0.848	0.848	0.0
deuteronomy	32	1551	1800	1675.5	0.13172381251966028	250	0.576	0.412	0.784	0.784	0.0
deuteronomy	33	1601	1850	1725.5	0.13565586662472476	250	0.576	0.404	0.78	0.78	0.0
deuteronomy	34	1651	1900	1775.5	0.13958792072978923	250	0.576	0.408	0.796	0.796	0.0
deuteronomy	35	1701	1950	1825.5	0.14351997483485374	250	0.58	0.392	0.644	0.644	0.0
deuteronomy	36	1751	2000	1875.5	0.1474520289399182	250	0.58	0.392	0.604	0.604	0.0
deuteronomy	37	1801	2050	1925.5	0.1513840830449827	250	0.564	0.38	0.608	0.608	0.0
deuteronomy	38	1851	2100	1975.5	0.1553161371500472	250	0.548	0.38	0.564	0.564	0.0
deuteronomy	39	1901	2150	2025.5	0.15924819125511167	250	0.532	0.356	0.496	0.496	0.0
deuteronomy	40	1951	2200	2075.5	0.16318024536017617	250	0.536	0.356	0.5	0.5	0.0
deuteronomy	41	2001	2250	2125.5	0.16711229946524064	250	0.544	0.368	0.536	0.536	0.0
deuteronomy	42	2051	2300	2175.5	0.17104435357030512	250	0.584	0.38	0.532	0.532	0.0
deuteronomy	43	2101	2350	2225.5	0.17497640767536962	250	0.612	0.408	0.652	0.652	0.0
deuteronomy	44	2151	2400	2275.5	0.1789084617804341	250	0.572	0.4	0.704	0.704	0.0
deuteronomy	45	2201	2450	2325.5	0.18284051588549857	250	0.564	0.392	0.728	0.728	0.0
deuteronomy	46	2251	2500	2375.5	0.18677256999056308	250	0.544	0.372	0.668	0.668	0.0
deuteronomy	47	2301	2550	2425.5	0.19070462409562755	250	0.548	0.38	0.696	0.696	0.0
deuteronomy	48	2351	2600	2475.5	0.19463667820069205	250	0.544	0.38	0.728	0.728	0.0
deuteronomy	49	2401	2650	2525.5	0.19856873230575653	250	0.624	0.436	0.8	0.8	0.0
deuteronomy	50	2451	2700	2575.5	0.202500786410821	250	0.636	0.468	0.884	0.884	0.0
deuteronomy	51	2501	2750	2625.5	0.2064328405158855	250	0.664	0.504	1.028	1.028	0.0
deuteronomy	52	2551	2800	2675.5	0.21036489462094998	250	0.628	0.5	1.008	1.008	0.0
deuteronomy	53	2601	2850	2725.5	0.21429694872601446	250	0.628	0.488	0.884	0.884	0.0
deuteronomy	54	2651	2900	2775.5	0.21822900283107896	250	0.56	0.436	0.756	0.756	0.0
deuteronomy	55	2701	2950	2825.5	0.22216105693614344	250	0.536	0.408	0.668	0.668	0.0
deuteronomy	56	2751	3000	2875.5	0.22609311104120794	250	0.544	0.404	0.64	0.64	0.0
deuteronomy	57	2801	3050	2925.5	0.23002516514627241	250	0.532	0.372	0.6	0.6	0.0
deuteronomy	58	2851	3100	2975.5	0.2339572192513369	250	0.548	0.38	0.632	0.632	0.0
deuteronomy	59	2901	3150	3025.5	0.2378892733564014	250	0.576	0.396	0.648	0.648	0.0
deuteronomy	60	2951	3200	3075.5	0.24182132746146587	250	0.6	0.416	0.7	0.7	0.0
deuteronomy	61	3001	3250	3125.5	0.24575338156653034	250	0.568	0.388	0.64	0.64	0.0
deuteronomy	62	3051	3300	3175.5	0.24968543567159485	250	0.604	0.428	0.744	0.744	0.0
deuteronomy	63	3101	3350	3225.5	0.2536174897766593	250	0.6	0.428	0.712	0.712	0.0
deuteronomy	64	3151	3400	3275.5	0.2575495438817238	250	0.576	0.4	0.696	0.696	0.0
deuteronomy	65	3201	3450	3325.5	0.2614815979867883	250	0.532	0.368	0.644	0.644	0.0
deuteronomy	66	3251	3500	3375.5	0.2654136520918528	250	0.556	0.384	0.632	0.632	0.0
deuteronomy	67	3301	3550	3425.5	0.2693457061969173	250	0.564	0.384	0.592	0.592	0.0
deuteronomy	68	3351	3600	3475.5	0.27327776030198175	250	0.584	0.396	0.62	0.62	0.0
deuteronomy	69	3401	3650	3525.5	0.27720981440704623	250	0.588	0.416	0.636	0.636	0.0
deuteronomy	70	3451	3700	3575.5	0.2811418685121107	250	0.604	0.428	0.672	0.672	0.0
deuteronomy	71	3501	3750	3625.5	0.28507392261717523	250	0.568	0.412	0.672	0.672	0.0
deuteronomy	72	3551	3800	3675.5	0.2890059767222397	250	0.544	0.396	0.716	0.716	0.0
deuteronomy	73	3601	3850	3725.5	0.2929380308273042	250	0.524	0.38	0.7	0.7	0.0
deuteronomy	74	3651	3900	3775.5	0.29687008493236866	250	0.524	0.376	0.756	0.756	0.0
deuteronomy	75	3701	3950	3825.5	0.30080213903743314	250	0.512	0.364	0.696	0.696	0.0
deuteronomy	76	3751	4000	3875.5	0.30473419314249767	250	0.552	0.396	0.792	0.792	0.0
deuteronomy	77	3801	4050	3925.5	0.30866624724756214	250	0.56	0.396	0.712	0.712	0.0
deuteronomy	78	3851	4100	3975.5	0.3125983013526266	250	0.524	0.372	0.664	0.664	0.0
deuteronomy	79	3901	4150	4025.5	0.3165303554576911	250	0.508	0.356	0.604	0.604	0.0
deuteronomy	80	3951	4200	4075.5	0.32046240956275557	250	0.528	0.368	0.624	0.624	0.0
deuteronomy	81	4001	4250	4125.5	0.32439446366782004	250	0.484	0.328	0.5	0.5	0.0
deuteronomy	82	4051	4300	4175.5	0.3283265177728846	250	0.476	0.336	0.516	0.516	0.0
deuteronomy	83	4101	4350	4225.5	0.33225857187794905	250	0.488	0.36	0.628	0.628	0.0
deuteronomy	84	4151	4400	4275.5	0.3361906259830135	250	0.504	0.376	0.676	0.676	0.0
deuteronomy	85	4201	4450	4325.5	0.340122680088078	250	0.504	0.364	0.644	0.644	0.0
deuteronomy	86	4251	4500	4375.5	0.3440547341931425	250	0.568	0.42	0.868	0.868	0.0
deuteronomy	87	4301	4550	4425.5	0.347986788298207	250	0.576	0.424	0.956	0.956	0.0
deuteronomy	88	4351	4600	4475.5	0.3519188424032715	250	0.608	0.432	1.032	1.032	0.0
deuteronomy	89	4401	4650	4525.5	0.35585089650833596	250	0.652	0.456	1.044	1.044	0.0
deuteronomy	90	4451	4700	4575.5	0.35978295061340043	250	0.64	0.468	1.096	1.096	0.0
deuteronomy	91	4501	4750	4625.5	0.3637150047184649	250	0.62	0.472	1.092	1.092	0.0
deuteronomy	92	4551	4800	4675.5	0.36764705882352944	250	0.62	0.476	1.348	1.348	0.0
deuteronomy	93	4601	4850	4725.5	0.3715791129285939	250	0.596	0.48	1.464	1.464	0.0
deuteronomy	94	4651	4900	4775.5	0.3755111670336584	250	0.572	0.46	1.54	1.54	0.0
deuteronomy	95	4701	4950	4825.5	0.37944322113872286	250	0.616	0.488	1.556	1.556	0.0
deuteronomy	96	4751	5000	4875.5	0.38337527524378734	250	0.612	0.476	1.48	1.48	0.0
deuteronomy	97	4801	5050	4925.5	0.3873073293488518	250	0.604	0.448	1.112	1.112	0.0
deuteronomy	98	4851	5100	4975.5	0.39123938345391635	250	0.592	0.428	0.896	0.896	0.0
deuteronomy	99	4901	5150	5025.5	0.3951714375589808	250	0.568	0.424	0.812	0.812	0.0
deuteronomy	100	4951	5200	5075.5	0.3991034916640453	250	0.544	0.396	0.796	0.796	0.0
deuteronomy	101	5001	5250	5125.5	0.40303554576910977	250	0.512	0.356	0.724	0.724	0.0
deuteronomy	102	5051	5300	5175.5	0.40696759987417425	250	0.536	0.388	0.832	0.832	0.0
deuteronomy	103	5101	5350	5225.5	0.4108996539792388	250	0.52	0.352	0.704	0.704	0.0
deuteronomy	104	5151	5400	5275.5	0.41483170808430325	250	0.528	0.356	0.684	0.684	0.0
deuteronomy	105	5201	5450	5325.5	0.4187637621893677	250	0.492	0.328	0.604	0.604	0.0
deuteronomy	106	5251	5500	5375.5	0.4226958162944322	250	0.508	0.332	0.536	0.536	0.0
deuteronomy	107	5301	5550	5425.5	0.4266278703994967	250	0.508	0.332	0.476	0.476	0.0
deuteronomy	108	5351	5600	5475.5	0.4305599245045612	250	0.512	0.34	0.504	0.504	0.0
deuteronomy	109	5401	5650	5525.5	0.4344919786096257	250	0.508	0.328	0.448	0.448	0.0
deuteronomy	110	5451	5700	5575.5	0.43842403271469016	250	0.56	0.384	0.544	0.544	0.0
deuteronomy	111	5501	5750	5625.5	0.44235608681975463	250	0.576	0.396	0.548	0.548	0.0
deuteronomy	112	5551	5800	5675.5	0.4462881409248191	250	0.552	0.372	0.496	0.496	0.0
deuteronomy	113	5601	5850	5725.5	0.4502201950298836	250	0.604	0.428	0.584	0.584	0.0
deuteronomy	114	5651	5900	5775.5	0.4541522491349481	250	0.624	0.444	0.668	0.668	0.0
deuteronomy	115	5701	5950	5825.5	0.4580843032400126	250	0.6	0.42	0.644	0.644	0.0
deuteronomy	116	5751	6000	5875.5	0.46201635734507707	250	0.596	0.428	0.688	0.688	0.0
deuteronomy	117	5801	6050	5925.5	0.46594841145014154	250	0.6	0.432	0.716	0.716	0.0
deuteronomy	118	5851	6100	5975.5	0.469880465555206	250	0.58	0.396	0.632	0.632	0.0
deuteronomy	119	5901	6150	6025.5	0.47381251966027055	250	0.544	0.352	0.512	0.512	0.0
deuteronomy	120	5951	6200	6075.5	0.477744573765335	250	0.524	0.34	0.456	0.456	0.0
deuteronomy	121	6001	6250	6125.5	0.4816766278703995	250	0.548	0.364	0.536	0.536	0.0
deuteronomy	122	6051	6300	6175.5	0.485608681975464	250	0.576	0.388	0.588	0.588	0.0
deuteronomy	123	6101	6350	6225.5	0.48954073608052845	250	0.588	0.412	0.636	0.636	0.0
deuteronomy	124	6151	6400	6275.5	0.493472790185593	250	0.62	0.448	0.688	0.688	0.0
deuteronomy	125	6201	6450	6325.5	0.49740484429065746	250	0.612	0.424	0.676	0.676	0.0
deuteronomy	126	6251	6500	6375.5	0.5013368983957219	250	0.596	0.396	0.58	0.58	0.0
deuteronomy	127	6301	6550	6425.5	0.5052689525007864	250	0.58	0.384	0.524	0.524	0.0
deuteronomy	128	6351	6600	6475.5	0.5092010066058509	250	0.548	0.344	0.452	0.452	0.0
deuteronomy	129	6401	6650	6525.5	0.5131330607109154	250	0.52	0.352	0.532	0.532	0.0
deuteronomy	130	6451	6700	6575.5	0.5170651148159798	250	0.54	0.372	0.588	0.588	0.0
deuteronomy	131	6501	6750	6625.5	0.5209971689210443	250	0.52	0.36	0.552	0.552	0.0
deuteronomy	132	6551	6800	6675.5	0.5249292230261089	250	0.52	0.344	0.52	0.52	0.0
deuteronomy	133	6601	6850	6725.5	0.5288612771311734	250	0.544	0.372	0.584	0.584	0.0
deuteronomy	134	6651	6900	6775.5	0.5327933312362378	250	0.556	0.372	0.552	0.552	0.0
deuteronomy	135	6701	6950	6825.5	0.5367253853413023	250	0.572	0.388	0.652	0.652	0.0
deuteronomy	136	6751	7000	6875.5	0.5406574394463668	250	0.62	0.432	0.78	0.78	0.0
deuteronomy	137	6801	7050	6925.5	0.5445894935514313	250	0.596	0.432	0.796	0.796	0.0
deuteronomy	138	6851	7100	6975.5	0.5485215476564957	250	0.548	0.396	0.74	0.74	0.0
deuteronomy	139	6901	7150	7025.5	0.5524536017615602	250	0.528	0.372	0.676	0.676	0.0
deuteronomy	140	6951	7200	7075.5	0.5563856558666247	250	0.504	0.352	0.54	0.54	0.0
deuteronomy	141	7001	7250	7125.5	0.5603177099716892	250	0.476	0.316	0.46	0.46	0.0
deuteronomy	142	7051	7300	7175.5	0.5642497640767536	250	0.484	0.308	0.428	0.428	0.0
deuteronomy	143	7101	7350	7225.5	0.5681818181818182	250	0.54	0.348	0.644	0.644	0.0
deuteronomy	144	7151	7400	7275.5	0.5721138722868827	250	0.6	0.412	0.724	0.724	0.0
deuteronomy	145	7201	7450	7325.5	0.5760459263919472	250	0.612	0.416	0.732	0.732	0.0
deuteronomy	146	7251	7500	7375.5	0.5799779804970117	250	0.604	0.424	0.704	0.704	0.0
deuteronomy	147	7301	7550	7425.5	0.5839100346020761	250	0.592	0.424	0.736	0.736	0.0
deuteronomy	148	7351	7600	7475.5	0.5878420887071406	250	0.564	0.396	0.528	0.528	0.0
deuteronomy	149	7401	7650	7525.5	0.5917741428122051	250	0.52	0.328	0.432	0.432	0.0
deuteronomy	150	7451	7700	7575.5	0.5957061969172696	250	0.528	0.344	0.452	0.452	0.0
deuteronomy	151	7501	7750	7625.5	0.599638251022334	250	0.516	0.332	0.52	0.52	0.0
deuteronomy	152	7551	7800	7675.5	0.6035703051273985	250	0.512	0.336	0.524	0.524	0.0
deuteronomy	153	7601	7850	7725.5	0.607502359232463	250	0.516	0.34	0.532	0.532	0.0
deuteronomy	154	7651	7900	7775.5	0.6114344133375276	250	0.544	0.372	0.604	0.604	0.0
deuteronomy	155	7701	7950	7825.5	0.615366467442592	250	0.548	0.364	0.592	0.592	0.0
deuteronomy	156	7751	8000	7875.5	0.6192985215476565	250	0.552	0.36	0.552	0.552	0.0
deuteronomy	157	7801	8050	7925.5	0.623230575652721	250	0.576	0.372	0.552	0.552	0.0
deuteronomy	158	7851	8100	7975.5	0.6271626297577855	250	0.544	0.356	0.544	0.544	0.0
deuteronomy	159	7901	8150	8025.5	0.63109468386285	250	0.536	0.352	0.52	0.52	0.0
deuteronomy	160	7951	8200	8075.5	0.6350267379679144	250	0.524	0.356	0.528	0.528	0.0
deuteronomy	161	8001	8250	8125.5	0.6389587920729789	250	0.52	0.364	0.516	0.516	0.0
deuteronomy	162	8051	8300	8175.5	0.6428908461780434	250	0.56	0.4	0.604	0.604	0.0
deuteronomy	163	8101	8350	8225.5	0.6468229002831078	250	0.584	0.424	0.644	0.644	0.0
deuteronomy	164	8151	8400	8275.5	0.6507549543881724	250	0.58	0.42	0.652	0.652	0.0
deuteronomy	165	8201	8450	8325.5	0.6546870084932369	250	0.568	0.404	0.64	0.64	0.0
deuteronomy	166	8251	8500	8375.5	0.6586190625983014	250	0.556	0.396	0.608	0.608	0.0
deuteronomy	167	8301	8550	8425.5	0.6625511167033659	250	0.528	0.364	0.524	0.524	0.0
deuteronomy	168	8351	8600	8475.5	0.6664831708084303	250	0.58	0.392	0.644	0.644	0.0
deuteronomy	169	8401	8650	8525.5	0.6704152249134948	250	0.556	0.372	0.592	0.592	0.0
deuteronomy	170	8451	8700	8575.5	0.6743472790185593	250	0.56	0.36	0.548	0.548	0.0
deuteronomy	171	8501	8750	8625.5	0.6782793331236238	250	0.572	0.36	0.548	0.548	0.0
deuteronomy	172	8551	8800	8675.5	0.6822113872286882	250	0.52	0.316	0.492	0.492	0.0
deuteronomy	173	8601	8850	8725.5	0.6861434413337527	250	0.472	0.3	0.368	0.368	0.0
deuteronomy	174	8651	8900	8775.5	0.6900754954388172	250	0.444	0.28	0.348	0.348	0.0
deuteronomy	175	8701	8950	8825.5	0.6940075495438818	250	0.432	0.288	0.384	0.384	0.0
deuteronomy	176	8751	9000	8875.5	0.6979396036489462	250	0.452	0.292	0.392	0.392	0.0
deuteronomy	177	8801	9050	8925.5	0.7018716577540107	250	0.48	0.32	0.424	0.424	0.0
deuteronomy	178	8851	9100	8975.5	0.7058037118590752	250	0.5	0.328	0.432	0.432	0.0
deuteronomy	179	8901	9150	9025.5	0.7097357659641397	250	0.524	0.36	0.484	0.484	0.0
deuteronomy	180	8951	9200	9075.5	0.7136678200692042	250	0.496	0.34	0.472	0.472	0.0
deuteronomy	181	9001	9250	9125.5	0.7175998741742686	250	0.496	0.348	0.5	0.5	0.0
deuteronomy	182	9051	9300	9175.5	0.7215319282793331	250	0.5	0.352	0.512	0.512	0.0
deuteronomy	183	9101	9350	9225.5	0.7254639823843976	250	0.504	0.348	0.524	0.524	0.0
deuteronomy	184	9151	9400	9275.5	0.729396036489462	250	0.512	0.336	0.52	0.52	0.0
deuteronomy	185	9201	9450	9325.5	0.7333280905945265	250	0.572	0.376	0.532	0.532	0.0
deuteronomy	186	9251	9500	9375.5	0.7372601446995911	250	0.576	0.38	0.536	0.536	0.0
deuteronomy	187	9301	9550	9425.5	0.7411921988046556	250	0.568	0.368	0.508	0.508	0.0
deuteronomy	188	9351	9600	9475.5	0.7451242529097201	250	0.576	0.404	0.612	0.612	0.0
deuteronomy	189	9401	9650	9525.5	0.7490563070147845	250	0.6	0.444	0.7	0.7	0.0
deuteronomy	190	9451	9700	9575.5	0.752988361119849	250	0.612	0.468	0.812	0.812	0.0
deuteronomy	191	9501	9750	9625.5	0.7569204152249135	250	0.588	0.468	0.856	0.856	0.0
deuteronomy	192	9551	9800	9675.5	0.760852469329978	250	0.576	0.464	0.868	0.868	0.0
deuteronomy	193	9601	9850	9725.5	0.7647845234350424	250	0.556	0.42	0.74	0.74	0.0
deuteronomy	194	9651	9900	9775.5	0.7687165775401069	250	0.548	0.412	0.764	0.764	0.0
deuteronomy	195	9701	9950	9825.5	0.7726486316451714	250	0.516	0.376	0.644	0.644	0.0
deuteronomy	196	9751	10000	9875.5	0.776580685750236	250	0.5	0.352	0.556	0.556	0.0
deuteronomy	197	9801	10050	9925.5	0.7805127398553005	250	0.532	0.384	0.632	0.632	0.0
deuteronomy	198	9851	10100	9975.5	0.7844447939603649	250	0.488	0.356	0.612	0.612	0.0
deuteronomy	199	9901	10150	10025.5	0.7883768480654294	250	0.512	0.348	0.508	0.508	0.0
deuteronomy	200	9951	10200	10075.5	0.7923089021704939	250	0.52	0.356	0.512	0.512	0.0
deuteronomy	201	10001	10250	10125.5	0.7962409562755584	250	0.568	0.38	0.552	0.552	0.0
deuteronomy	202	10051	10300	10175.5	0.8001730103806228	250	0.564	0.38	0.56	0.56	0.0
deuteronomy	203	10101	10350	10225.5	0.8041050644856873	250	0.584	0.396	0.596	0.596	0.0
deuteronomy	204	10151	10400	10275.5	0.8080371185907518	250	0.568	0.384	0.6	0.6	0.0
deuteronomy	205	10201	10450	10325.5	0.8119691726958163	250	0.584	0.396	0.692	0.692	0.0
deuteronomy	206	10251	10500	10375.5	0.8159012268008807	250	0.548	0.376	0.652	0.652	0.0
deuteronomy	207	10301	10550	10425.5	0.8198332809059453	250	0.54	0.352	0.56	0.56	0.0
deuteronomy	208	10351	10600	10475.5	0.8237653350110098	250	0.564	0.38	0.62	0.62	0.0
deuteronomy	209	10401	10650	10525.5	0.8276973891160743	250	0.524	0.368	0.7	0.7	0.0
deuteronomy	210	10451	10700	10575.5	0.8316294432211387	250	0.532	0.368	0.7	0.7	0.0
deuteronomy	211	10501	10750	10625.5	0.8355614973262032	250	0.532	0.38	0.752	0.752	0.0
deuteronomy	212	10551	10800	10675.5	0.8394935514312677	250	0.5	0.356	0.716	0.716	0.0
deuteronomy	213	10601	10850	10725.5	0.8434256055363322	250	0.476	0.32	0.612	0.612	0.0
deuteronomy	214	10651	10900	10775.5	0.8473576596413966	250	0.488	0.316	0.492	0.492	0.0
deuteronomy	215	10701	10950	10825.5	0.8512897137464611	250	0.46	0.28	0.38	0.38	0.0
deuteronomy	216	10751	11000	10875.5	0.8552217678515256	250	0.504	0.336	0.548	0.548	0.0
deuteronomy	217	10801	11050	10925.5	0.8591538219565901	250	0.564	0.404	0.812	0.812	0.0
deuteronomy	218	10851	11100	10975.5	0.8630858760616547	250	0.608	0.436	0.868	0.868	0.0
deuteronomy	219	10901	11150	11025.5	0.8670179301667191	250	0.652	0.476	0.94	0.94	0.0
deuteronomy	220	10951	11200	11075.5	0.8709499842717836	250	0.648	0.488	0.94	0.94	0.0
deuteronomy	221	11001	11250	11125.5	0.8748820383768481	250	0.576	0.396	0.704	0.704	0.0
deuteronomy	222	11051	11300	11175.5	0.8788140924819126	250	0.56	0.384	0.604	0.604	0.0
deuteronomy	223	11101	11350	11225.5	0.882746146586977	250	0.512	0.34	0.536	0.536	0.0
deuteronomy	224	11151	11400	11275.5	0.8866782006920415	250	0.508	0.328	0.492	0.492	0.0
deuteronomy	225	11201	11450	11325.5	0.890610254797106	250	0.556	0.372	0.576	0.576	0.0
deuteronomy	226	11251	11500	11375.5	0.8945423089021705	250	0.572	0.376	0.576	0.576	0.0
deuteronomy	227	11301	11550	11425.5	0.8984743630072349	250	0.552	0.348	0.444	0.444	0.0
deuteronomy	228	11351	11600	11475.5	0.9024064171122995	250	0.544	0.352	0.448	0.448	0.0
deuteronomy	229	11401	11650	11525.5	0.906338471217364	250	0.54	0.336	0.432	0.432	0.0
deuteronomy	230	11451	11700	11575.5	0.9102705253224285	250	0.492	0.308	0.416	0.416	0.0
deuteronomy	231	11501	11750	11625.5	0.914202579427493	250	0.488	0.312	0.424	0.424	0.0
deuteronomy	232	11551	11800	11675.5	0.9181346335325574	250	0.508	0.324	0.456	0.456	0.0
deuteronomy	233	11601	11850	11725.5	0.9220666876376219	250	0.516	0.324	0.46	0.46	0.0
deuteronomy	234	11651	11900	11775.5	0.9259987417426864	250	0.484	0.32	0.46	0.46	0.0
deuteronomy	235	11701	11950	11825.5	0.9299307958477508	250	0.448	0.288	0.396	0.396	0.0
deuteronomy	236	11751	12000	11875.5	0.9338628499528153	250	0.452	0.292	0.42	0.42	0.0
deuteronomy	237	11801	12050	11925.5	0.9377949040578798	250	0.4	0.264	0.412	0.412	0.0
deuteronomy	238	11851	12100	11975.5	0.9417269581629443	250	0.416	0.284	0.448	0.448	0.0
deuteronomy	239	11901	12150	12025.5	0.9456590122680089	250	0.424	0.288	0.464	0.464	0.0
deuteronomy	240	11951	12200	12075.5	0.9495910663730733	250	0.464	0.312	0.512	0.512	0.0
deuteronomy	241	12001	12250	12125.5	0.9535231204781378	250	0.464	0.32	0.492	0.492	0.0
deuteronomy	242	12051	12300	12175.5	0.9574551745832023	250	0.444	0.296	0.428	0.428	0.0
deuteronomy	243	12101	12350	12225.5	0.9613872286882668	250	0.456	0.296	0.412	0.412	0.0
deuteronomy	244	12151	12400	12275.5	0.9653192827933312	250	0.444	0.292	0.424	0.424	0.0
deuteronomy	245	12201	12450	12325.5	0.9692513368983957	250	0.436	0.284	0.404	0.404	0.0
deuteronomy	246	12251	12500	12375.5	0.9731833910034602	250	0.436	0.284	0.4	0.4	0.0
deuteronomy	247	12301	12550	12425.5	0.9771154451085247	250	0.46	0.304	0.428	0.428	0.0
deuteronomy	248	12351	12600	12475.5	0.9810474992135891	250	0.4	0.264	0.372	0.372	0.0
deuteronomy	249	12401	12650	12525.5	0.9849795533186536	250	0.392	0.248	0.324	0.324	0.0
deuteronomy	250	12451	12700	12575.5	0.9889116074237182	250	0.404	0.264	0.336	0.336	0.0
deuteronomy	251	12467	12716	12591.5	0.9901698647373388	250	0.4	0.26	0.332	0.332	0.0
